panel,event_title,source,source_url,event_visible_at_utc,method,decision_at_utc,decision_delay_minutes,decision,measurement_entry_at_utc,measurement_entry_price,measurement_exit_at_utc,measurement_exit_price,gcusd_6h_return_after_decision_pct,event_pnl_return_pct,event_pnl_dollars_on_100k,decision_kind,gcusd_24h_return_pct
(a),Trump nominates Kevin Warsh to chair the Federal Reserve,CNBC,https://www.cnbc.com/2026/01/30/silver-gold-fall-price-usd-dollar-fed-warsh-chair-trump-metals.html,2026-01-30T00:00:00+00:00,EventTrader,2026-01-30T00:30:00+00:00,30.000,Weak Short,2026-01-30T00:30:00+00:00,5256.800000,2026-01-30T06:30:00+00:00,5152.300000,-1.987901,0.989000,989.00,event-linked analysis,-6.382938
(a),Trump nominates Kevin Warsh to chair the Federal Reserve,CNBC,https://www.cnbc.com/2026/01/30/silver-gold-fall-price-usd-dollar-fed-warsh-chair-trump-metals.html,2026-01-30T00:00:00+00:00,TradingAgents,2026-01-30T23:59:59+00:00,1439.983,No direction,2026-02-01T18:00:00+00:00,4816.000000,2026-02-02T00:00:00+00:00,4698.800000,-2.433555,0.000000,0.00,scheduled EOD decision,-6.382938
(a),Trump nominates Kevin Warsh to chair the Federal Reserve,CNBC,https://www.cnbc.com/2026/01/30/silver-gold-fall-price-usd-dollar-fed-warsh-chair-trump-metals.html,2026-01-30T00:00:00+00:00,FinMem,2026-01-30T23:59:59+00:00,1439.983,No direction,2026-02-01T18:00:00+00:00,4816.000000,2026-02-02T00:00:00+00:00,4698.800000,-2.433555,0.000000,0.00,scheduled EOD decision,-6.382938
(a),Trump nominates Kevin Warsh to chair the Federal Reserve,CNBC,https://www.cnbc.com/2026/01/30/silver-gold-fall-price-usd-dollar-fed-warsh-chair-trump-metals.html,2026-01-30T00:00:00+00:00,AI Hedge Fund,2026-01-30T23:59:59+00:00,1439.983,No direction,2026-02-01T18:00:00+00:00,4816.000000,2026-02-02T00:00:00+00:00,4698.800000,-2.433555,0.000000,0.00,scheduled EOD decision,-6.382938
(b),Dollar and yields reverse gold's Iran safe-haven rally,Reuters,https://www.reuters.com/world/india/gold-extends-gains-middle-east-war-boosts-safe-haven-demand-2026-03-03/,2026-03-03T02:28:44+00:00,EventTrader,2026-03-03T02:57:50+00:00,29.100,Weak Short,2026-03-03T03:00:00+00:00,5340.500000,2026-03-03T09:00:00+00:00,5166.500000,-3.258122,1.624142,1624.14,event-linked analysis,-2.731881
(b),Dollar and yields reverse gold's Iran safe-haven rally,Reuters,https://www.reuters.com/world/india/gold-extends-gains-middle-east-war-boosts-safe-haven-demand-2026-03-03/,2026-03-03T02:28:44+00:00,TradingAgents,2026-03-03T23:59:59+00:00,1291.250,No direction,2026-03-04T00:00:00+00:00,5165.700000,2026-03-04T06:00:00+00:00,5201.900000,0.700776,0.000000,0.00,scheduled EOD decision,-2.731881
(b),Dollar and yields reverse gold's Iran safe-haven rally,Reuters,https://www.reuters.com/world/india/gold-extends-gains-middle-east-war-boosts-safe-haven-demand-2026-03-03/,2026-03-03T02:28:44+00:00,FinMem,2026-03-03T23:59:59+00:00,1291.250,No direction,2026-03-04T00:00:00+00:00,5165.700000,2026-03-04T06:00:00+00:00,5201.900000,0.700776,0.000000,0.00,scheduled EOD decision,-2.731881
(b),Dollar and yields reverse gold's Iran safe-haven rally,Reuters,https://www.reuters.com/world/india/gold-extends-gains-middle-east-war-boosts-safe-haven-demand-2026-03-03/,2026-03-03T02:28:44+00:00,AI Hedge Fund,2026-03-03T23:59:59+00:00,1291.250,No direction,2026-03-04T00:00:00+00:00,5165.700000,2026-03-04T06:00:00+00:00,5201.900000,0.700776,0.000000,0.00,scheduled EOD decision,-2.731881
(c),U.S.-Iran peace hopes and a weaker dollar lift gold,Reuters,https://www.reuters.com/world/india/gold-jumps-weaker-dollar-middle-east-peace-hopes-2026-05-06/,2026-05-06T02:44:02+00:00,EventTrader,2026-05-06T03:14:02+00:00,30.000,Weak Long,2026-05-06T03:15:00+00:00,4669.400000,2026-05-06T09:15:00+00:00,4694.200000,0.531117,0.260545,260.55,event-linked analysis,1.662174
(c),U.S.-Iran peace hopes and a weaker dollar lift gold,Reuters,https://www.reuters.com/world/india/gold-jumps-weaker-dollar-middle-east-peace-hopes-2026-05-06/,2026-05-06T02:44:02+00:00,TradingAgents,2026-05-06T23:59:59+00:00,1275.950,No direction,2026-05-07T00:00:00+00:00,4707.700000,2026-05-07T06:00:00+00:00,4738.400000,0.652123,0.000000,0.00,scheduled EOD decision,1.662174
(c),U.S.-Iran peace hopes and a weaker dollar lift gold,Reuters,https://www.reuters.com/world/india/gold-jumps-weaker-dollar-middle-east-peace-hopes-2026-05-06/,2026-05-06T02:44:02+00:00,FinMem,2026-05-06T23:59:59+00:00,1275.950,No direction,2026-05-07T00:00:00+00:00,4707.700000,2026-05-07T06:00:00+00:00,4738.400000,0.652123,0.000000,0.00,scheduled EOD decision,1.662174
(c),U.S.-Iran peace hopes and a weaker dollar lift gold,Reuters,https://www.reuters.com/world/india/gold-jumps-weaker-dollar-middle-east-peace-hopes-2026-05-06/,2026-05-06T02:44:02+00:00,AI Hedge Fund,2026-05-06T23:59:59+00:00,1275.950,No direction,2026-05-07T00:00:00+00:00,4707.700000,2026-05-07T06:00:00+00:00,4738.400000,0.652123,0.000000,0.00,scheduled EOD decision,1.662174
(d),India raises gold and silver import tariffs to 15% amid mixed signals,Reuters,https://www.reuters.com/world/india/india-raises-import-tariffs-gold-silver-government-order-says-2026-05-12/,2026-05-12T08:25:00+00:00,EventTrader,2026-05-12T08:29:59+00:00,4.983,Flat,2026-05-12T08:30:00+00:00,4704.800000,2026-05-12T14:30:00+00:00,4692.500000,-0.261435,0.000000,0.00,event-linked analysis,-0.204056
(d),India raises gold and silver import tariffs to 15% amid mixed signals,Reuters,https://www.reuters.com/world/india/india-raises-import-tariffs-gold-silver-government-order-says-2026-05-12/,2026-05-12T08:25:00+00:00,TradingAgents,2026-05-12T23:59:59+00:00,934.983,No direction,2026-05-13T00:00:00+00:00,4704.500000,2026-05-13T06:00:00+00:00,4709.000000,0.095653,0.000000,0.00,scheduled EOD decision,-0.204056
(d),India raises gold and silver import tariffs to 15% amid mixed signals,Reuters,https://www.reuters.com/world/india/india-raises-import-tariffs-gold-silver-government-order-says-2026-05-12/,2026-05-12T08:25:00+00:00,FinMem,2026-05-12T23:59:59+00:00,934.983,No direction,2026-05-13T00:00:00+00:00,4704.500000,2026-05-13T06:00:00+00:00,4709.000000,0.095653,0.000000,0.00,scheduled EOD decision,-0.204056
(d),India raises gold and silver import tariffs to 15% amid mixed signals,Reuters,https://www.reuters.com/world/india/india-raises-import-tariffs-gold-silver-government-order-says-2026-05-12/,2026-05-12T08:25:00+00:00,AI Hedge Fund,2026-05-12T23:59:59+00:00,934.983,Long,2026-05-13T00:00:00+00:00,4704.500000,2026-05-13T06:00:00+00:00,4709.000000,0.095653,0.085648,85.65,scheduled EOD decision,-0.204056
