variant,trade_date,equity,cumulative_return
Event-driven,2026-02-04,98033.73889590,-0.019662611041
Event-driven,2026-02-05,98522.25072097,-0.014777492790
Event-driven,2026-02-06,97048.66285009,-0.029513371499
Event-driven,2026-02-08,97041.38432168,-0.029586156783
Event-driven,2026-02-09,97258.50543595,-0.027414945640
Event-driven,2026-02-10,97548.53792370,-0.024514620763
Event-driven,2026-02-11,97866.49545854,-0.021335045415
Event-driven,2026-02-12,98605.24127973,-0.013947587203
Event-driven,2026-02-13,99416.85774204,-0.005831422580
Event-driven,2026-02-15,98961.78299167,-0.010382170083
Event-driven,2026-02-16,98742.08083592,-0.012579191641
Event-driven,2026-02-17,97169.88338030,-0.028301166197
Event-driven,2026-02-18,96674.20352733,-0.033257964727
Event-driven,2026-02-19,96422.67326700,-0.035773267330
Event-driven,2026-02-20,97514.84041730,-0.024851595827
Event-driven,2026-02-22,98483.80162157,-0.015161983784
Event-driven,2026-02-23,98131.65588457,-0.018683441154
Event-driven,2026-02-24,97674.54342780,-0.023254565722
Event-driven,2026-02-25,97564.10699854,-0.024358930015
Event-driven,2026-02-26,97302.61389048,-0.026973861095
Event-driven,2026-02-27,98920.13069272,-0.010798693073
Event-driven,2026-03-01,99206.18249764,-0.007938175024
Event-driven,2026-03-02,99067.46667695,-0.009325333230
Event-driven,2026-03-03,101413.18312204,0.014131831220
Event-driven,2026-03-04,101015.75418632,0.010157541863
Event-driven,2026-03-05,100469.32289542,0.004693228954
Time batch (5 min),2026-02-04,97860.08897747,-0.021399110225
Time batch (5 min),2026-02-05,98284.05780614,-0.017159421939
Time batch (5 min),2026-02-06,96814.03256388,-0.031859674361
Time batch (5 min),2026-02-08,96602.75542650,-0.033972445735
Time batch (5 min),2026-02-09,96862.68409991,-0.031373159001
Time batch (5 min),2026-02-10,97151.53621740,-0.028484637826
Time batch (5 min),2026-02-11,97468.19973301,-0.025318002670
Time batch (5 min),2026-02-12,98198.06942404,-0.018019305760
Time batch (5 min),2026-02-13,98759.59153982,-0.012404084602
Time batch (5 min),2026-02-15,99207.46345756,-0.007925365424
Time batch (5 min),2026-02-16,99425.29635614,-0.005747036439
Time batch (5 min),2026-02-17,99355.65088978,-0.006443491102
Time batch (5 min),2026-02-18,98888.93748365,-0.011110625164
Time batch (5 min),2026-02-19,98888.93748365,-0.011110625164
Time batch (5 min),2026-02-20,98888.93748365,-0.011110625164
Time batch (5 min),2026-02-22,99869.05568496,-0.001309443150
Time batch (5 min),2026-02-23,99511.95673428,-0.004880432657
Time batch (5 min),2026-02-24,99622.30832587,-0.003776916741
Time batch (5 min),2026-02-25,99700.26703992,-0.002997329601
Time batch (5 min),2026-02-26,99461.60477230,-0.005383952277
Time batch (5 min),2026-02-27,100755.58292810,0.007555829281
Time batch (5 min),2026-03-01,101046.94239306,0.010469423931
Time batch (5 min),2026-03-02,100905.65271545,0.009056527154
Time batch (5 min),2026-03-03,96262.39253458,-0.037376074654
Time batch (5 min),2026-03-04,96094.93944138,-0.039050605586
Time batch (5 min),2026-03-05,94763.14907409,-0.052368509259
Time batch (1 h),2026-02-04,95794.19950546,-0.042058004945
Time batch (1 h),2026-02-05,94034.88776612,-0.059651122339
Time batch (1 h),2026-02-06,92628.41695331,-0.073715830467
Time batch (1 h),2026-02-08,92822.08396545,-0.071779160345
Time batch (1 h),2026-02-09,93184.46223860,-0.068155377614
Time batch (1 h),2026-02-10,93462.34561015,-0.065376543899
Time batch (1 h),2026-02-11,93766.98428175,-0.062330157182
Time batch (1 h),2026-02-12,94510.18771650,-0.054898122835
Time batch (1 h),2026-02-13,95110.20026452,-0.048897997355
Time batch (1 h),2026-02-15,95541.52229740,-0.044584777026
Time batch (1 h),2026-02-16,95751.30577549,-0.042486942245
Time batch (1 h),2026-02-17,95684.23386734,-0.043157661327
Time batch (1 h),2026-02-18,95374.79571279,-0.046252042872
Time batch (1 h),2026-02-19,95398.39216738,-0.046016078326
Time batch (1 h),2026-02-20,97029.30046113,-0.029706995389
Time batch (1 h),2026-02-22,97995.88696995,-0.020041130301
Time batch (1 h),2026-02-23,97645.48585553,-0.023545141445
Time batch (1 h),2026-02-24,97783.06954629,-0.022169304537
Time batch (1 h),2026-02-25,97682.25801878,-0.023177419812
Time batch (1 h),2026-02-26,97211.95741662,-0.027880425834
Time batch (1 h),2026-02-27,98827.96718463,-0.011720328154
Time batch (1 h),2026-03-01,99113.75247617,-0.008862475238
Time batch (1 h),2026-03-02,98585.00513289,-0.014149948671
Time batch (1 h),2026-03-03,100291.26971386,0.002912697139
Time batch (1 h),2026-03-04,100116.80819371,0.001168081937
Time batch (1 h),2026-03-05,99783.03916934,-0.002169608307
Time batch (4 h),2026-02-04,95696.64280306,-0.043033571969
Time batch (4 h),2026-02-05,96108.83582130,-0.038911641787
Time batch (4 h),2026-02-06,96480.01149439,-0.035199885056
Time batch (4 h),2026-02-08,96686.56572865,-0.033134342714
Time batch (4 h),2026-02-09,97064.03097429,-0.029359690257
Time batch (4 h),2026-02-10,97353.48352394,-0.026465164761
Time batch (4 h),2026-02-11,97670.80528282,-0.023291947172
Time batch (4 h),2026-02-12,98522.67339677,-0.014773266032
Time batch (4 h),2026-02-13,99350.00363649,-0.006499963635
Time batch (4 h),2026-02-15,98895.23490681,-0.011047650932
Time batch (4 h),2026-02-16,98675.68049252,-0.013243195075
Time batch (4 h),2026-02-17,98147.67240703,-0.018523275930
Time batch (4 h),2026-02-18,97647.00468844,-0.023529953116
Time batch (4 h),2026-02-19,97350.24573715,-0.026497542628
Time batch (4 h),2026-02-20,98452.91938086,-0.015470806191
Time batch (4 h),2026-02-22,99431.20185479,-0.005687981452
Time batch (4 h),2026-02-23,99075.66852563,-0.009243314744
Time batch (4 h),2026-02-24,99290.91307779,-0.007090869222
Time batch (4 h),2026-02-25,99368.61246089,-0.006313875391
Time batch (4 h),2026-02-26,99130.74410723,-0.008692558928
Time batch (4 h),2026-02-27,99952.83595256,-0.000471640474
Time batch (4 h),2026-03-01,100239.36803102,0.002393680310
Time batch (4 h),2026-03-02,100099.20755058,0.000992075506
Time batch (4 h),2026-03-03,95812.82642126,-0.041871735787
Time batch (4 h),2026-03-04,96142.28533520,-0.038577146648
Time batch (4 h),2026-03-05,95286.13671081,-0.047138632892
Time batch (1 day),2026-02-04,100000.00000000,0.000000000000
Time batch (1 day),2026-02-05,99523.70798286,-0.004762920171
Time batch (1 day),2026-02-06,98030.23965453,-0.019697603455
Time batch (1 day),2026-02-08,98235.20076947,-0.017647992305
Time batch (1 day),2026-02-09,98618.71190061,-0.013812880994
Time batch (1 day),2026-02-10,98912.80063067,-0.010871993693
Time batch (1 day),2026-02-11,99235.20495289,-0.007647950471
Time batch (1 day),2026-02-12,98215.35759984,-0.017846424002
Time batch (1 day),2026-02-13,97566.45997158,-0.024335400284
Time batch (1 day),2026-02-15,97114.99931413,-0.028850006859
Time batch (1 day),2026-02-16,96899.39714872,-0.031006028513
Time batch (1 day),2026-02-17,96826.67944907,-0.031733205509
Time batch (1 day),2026-02-18,96332.75033685,-0.036672496631
Time batch (1 day),2026-02-19,96305.93929436,-0.036940607056
Time batch (1 day),2026-02-20,97391.91437483,-0.026080856252
Time batch (1 day),2026-02-22,97876.85246477,-0.021231475352
Time batch (1 day),2026-02-23,97704.47511900,-0.022955248810
Time batch (1 day),2026-02-24,97932.88049070,-0.020671195093
Time batch (1 day),2026-02-25,98009.51715527,-0.019904828447
Time batch (1 day),2026-02-26,97774.90220079,-0.022250977992
Time batch (1 day),2026-02-27,98585.75004120,-0.014142499588
Time batch (1 day),2026-03-01,98868.36313163,-0.011316368684
Time batch (1 day),2026-03-02,98730.11966951,-0.012698803305
Time batch (1 day),2026-03-03,94502.36470319,-0.054976352968
Time batch (1 day),2026-03-04,94811.56680559,-0.051884331944
Time batch (1 day),2026-03-05,94295.86031626,-0.057041396837
