event_id,analysis_unit_id,visible_at,emitted_at,delay_minutes,emission_mode
285352743e4362705bfc2e22,unit-e66434d37fe523032502b6df,2026-02-04T00:00:00+00:00,2026-02-04T00:00:00+00:00,0.0,hard trigger
855e13b06a743b97bf2ce7bb,unit-706f40eaf4301a878a647880,2026-02-04T01:39:22+00:00,2026-02-04T02:09:22+00:00,30.0,market-reaction maturity
ad7b55810d0a4bdcb6efbc19,unit-2739cf0f3626408f496ed50b,2026-02-04T07:59:59+00:00,2026-02-04T08:29:59+00:00,30.0,market-reaction maturity
edd9c9e7ca43737419f03788,unit-2739cf0f3626408f496ed50b,2026-02-04T07:59:59+00:00,2026-02-04T08:29:59+00:00,30.0,market-reaction maturity
71df8db2869822b7cb82a627,unit-2739cf0f3626408f496ed50b,2026-02-04T07:59:59+00:00,2026-02-04T08:29:59+00:00,30.0,market-reaction maturity
f2bf278405af801175ab7950,unit-2739cf0f3626408f496ed50b,2026-02-04T07:59:59+00:00,2026-02-04T08:29:59+00:00,30.0,market-reaction maturity
978461e5ee217e81b64bd551,unit-83a6d370a25b2f1eb5e0f5f5,2026-02-04T11:17:00.630000+00:00,2026-02-04T11:17:00.630000+00:00,0.0,hard trigger
e35e6ef8644c012ce07c0ff0,unit-7c425f69b5e5d0dd0634949b,2026-02-04T12:55:07.558000+00:00,2026-02-04T13:25:07.558000+00:00,30.0,market-reaction maturity
48b6500e7e8f8aad610b2128,unit-3b3c67c3c5ed1bc9d9fa41ee,2026-02-04T14:30:00+00:00,2026-02-04T15:00:00+00:00,30.0,market-reaction maturity
97d7594fe80396054f6079a6,unit-71ff471ef488fb8bd9c1044a,2026-02-04T23:59:59+00:00,2026-02-05T00:29:59+00:00,30.0,market-reaction maturity
23e892d0f560289aaa188699,unit-71ff471ef488fb8bd9c1044a,2026-02-04T23:59:59+00:00,2026-02-05T00:29:59+00:00,30.0,market-reaction maturity
bdc455ce70ba93b9853d7f2d,unit-71ff471ef488fb8bd9c1044a,2026-02-05T00:00:00+00:00,2026-02-05T00:29:59+00:00,29.983333333333334,market-reaction maturity
363e06cdf0c1b35fa16443f4,unit-71ff471ef488fb8bd9c1044a,2026-02-05T00:00:00+00:00,2026-02-05T00:29:59+00:00,29.983333333333334,market-reaction maturity
26872597399cfc881afb4efe,unit-71ff471ef488fb8bd9c1044a,2026-02-05T00:00:00+00:00,2026-02-05T00:29:59+00:00,29.983333333333334,market-reaction maturity
9d4f372bb898f3ab009f3d1d,unit-481688bc4b9fc63f82968425,2026-02-05T03:55:15+00:00,2026-02-05T04:25:15+00:00,30.0,market-reaction maturity
4e6afe0f7a4ba7909ee28b5c,unit-7123314a60e02e7e65df89ca,2026-02-05T07:59:59+00:00,2026-02-05T08:29:59+00:00,30.0,market-reaction maturity
1a427872a4b6cccfc84c0b0e,unit-7123314a60e02e7e65df89ca,2026-02-05T07:59:59+00:00,2026-02-05T08:29:59+00:00,30.0,market-reaction maturity
a2be3848cf069ce5dcbc0a19,unit-96ba5cf5bcabe03cfd750502,2026-02-05T14:00:00+00:00,2026-02-05T14:30:00+00:00,30.0,market-reaction maturity
c3525cc37e91122203af4ed6,unit-8d1bc631c0aaabf9d3b803a1,2026-02-05T15:59:59+00:00,2026-02-05T16:29:59+00:00,30.0,market-reaction maturity
a08302e8e5d184982a4d8c4f,unit-8d1bc631c0aaabf9d3b803a1,2026-02-05T15:59:59+00:00,2026-02-05T16:29:59+00:00,30.0,market-reaction maturity
b5040a7000d6d3a7daf9629b,unit-ba8c46ef18a928eb6a888497,2026-02-05T19:31:00+00:00,2026-02-05T20:01:00+00:00,30.0,market-reaction maturity
afdca0e299aa136192b48814,unit-5ce113c028a271cc9d5f87ae,2026-02-06T00:00:00+00:00,2026-02-06T00:30:00+00:00,30.0,market-reaction maturity
885a8570f697b8fce2918e84,unit-5ce113c028a271cc9d5f87ae,2026-02-06T00:00:00+00:00,2026-02-06T00:30:00+00:00,30.0,market-reaction maturity
5f99ee8c92b624780310bbcd,unit-5ce113c028a271cc9d5f87ae,2026-02-06T00:16:52+00:00,2026-02-06T00:30:00+00:00,13.133333333333333,market-reaction maturity
985a4d0f70fb5861dcacc61c,unit-44c97218da432de6c64dfda4,2026-02-06T09:01:30+00:00,2026-02-06T09:31:30+00:00,30.0,market-reaction maturity
39ced1a950fb77b6d7b1b28d,unit-44c97218da432de6c64dfda4,2026-02-06T09:20:52+00:00,2026-02-06T09:31:30+00:00,10.633333333333333,market-reaction maturity
a180eaabeb5d8498f3c45e1e,unit-b5c6e56d7fc46bf22f943049,2026-02-06T18:00:00+00:00,2026-02-06T18:00:00+00:00,0.0,hard trigger
78066ec9b8baa086d3d65402,unit-8e708b7e31c765df50207570,2026-02-07T00:00:00+00:00,2026-02-07T00:30:00+00:00,30.0,market-reaction maturity
7942e37f1d8f42ed1d6a6741,unit-8e708b7e31c765df50207570,2026-02-07T00:00:00+00:00,2026-02-07T00:30:00+00:00,30.0,market-reaction maturity
a2293e214b2e447b7fabf13f,unit-8e708b7e31c765df50207570,2026-02-07T00:00:00+00:00,2026-02-07T00:30:00+00:00,30.0,market-reaction maturity
f8ad1d3da9d6656e15f5b601,unit-8e708b7e31c765df50207570,2026-02-07T00:00:00+00:00,2026-02-07T00:30:00+00:00,30.0,market-reaction maturity
a817d7b18358d9bb6425876f,unit-8e708b7e31c765df50207570,2026-02-07T00:00:00+00:00,2026-02-07T00:30:00+00:00,30.0,market-reaction maturity
74456fc2b09543b770957b0a,unit-0ac535e1d3715c1e53a00af1,2026-02-07T07:04:47+00:00,2026-02-07T07:04:47+00:00,0.0,hard trigger
b17d8577615e2f9435f7e080,unit-b1dc3b1bb3bb4df23fc98af3,2026-02-07T10:00:00+00:00,2026-02-07T10:30:00+00:00,30.0,market-reaction maturity
012a63247edfbfa1d81989fc,unit-1f72693b33da050ec2920211,2026-02-08T00:00:00+00:00,2026-02-08T00:30:00+00:00,30.0,market-reaction maturity
cd31fc67e686eec0f07bf370,unit-1f72693b33da050ec2920211,2026-02-08T00:00:00+00:00,2026-02-08T00:30:00+00:00,30.0,market-reaction maturity
2df12bc983f70e36d6fba1f4,unit-e930fd7c4fd875f97730b8ae,2026-02-08T02:08:21+00:00,2026-02-08T02:38:21+00:00,30.0,market-reaction maturity
ae1e95930dd782921252713e,unit-ce443ba604d39026f67091e3,2026-02-08T07:59:59+00:00,2026-02-08T08:29:59+00:00,30.0,market-reaction maturity
df62872ec788f4d2a3088752,unit-d9c3d63875f65602f8c310ae,2026-02-08T10:08:03+00:00,2026-02-08T10:38:03+00:00,30.0,market-reaction maturity
e5a0ef7ffcee176acd62e1f7,unit-09adefc496bc74aed72f81fa,2026-02-08T19:28:15+00:00,2026-02-08T19:58:15+00:00,30.0,market-reaction maturity
c444603f358ba79fc2f60ff5,unit-3908ccc66bde9c15b1053a72,2026-02-09T00:00:00+00:00,2026-02-09T00:30:00+00:00,30.0,market-reaction maturity
6edbf292cb4b5cd0f3f28825,unit-3908ccc66bde9c15b1053a72,2026-02-09T00:00:00+00:00,2026-02-09T00:30:00+00:00,30.0,market-reaction maturity
6c5e8be1304cf57d131bcc0e,unit-3908ccc66bde9c15b1053a72,2026-02-09T00:00:00+00:00,2026-02-09T00:30:00+00:00,30.0,market-reaction maturity
0ca0f8ea8f1d15fde2703066,unit-0354368312e431bb4b087604,2026-02-09T03:53:56.048000+00:00,2026-02-09T04:23:56.048000+00:00,30.0,market-reaction maturity
71c275307ad2d3f84f9ee0a8,unit-ade2c3dda9ef4da2fa50a517,2026-02-09T06:04:58+00:00,2026-02-09T06:04:58+00:00,0.0,hard trigger
955b9ace6c8e4dfd98a9562b,unit-dd2c77a610960f7bf266623e,2026-02-09T06:20:17+00:00,2026-02-09T06:50:17+00:00,30.0,market-reaction maturity
113cf4b31c4358bf5a26c503,unit-0d0bb5a35e508f6e48082dc9,2026-02-09T19:17:41+00:00,2026-02-09T19:47:41+00:00,30.0,market-reaction maturity
e927d65ff12587a3e36107ef,unit-bc5fd3d304a23881e0329b30,2026-02-09T23:59:59+00:00,2026-02-10T00:29:59+00:00,30.0,market-reaction maturity
b4c949d9c4154f9c2872a1fb,unit-bc5fd3d304a23881e0329b30,2026-02-10T00:00:00+00:00,2026-02-10T00:29:59+00:00,29.983333333333334,market-reaction maturity
70a48d984ea673b3e0abb3c3,unit-f97030df76233ff4a7603ec8,2026-02-10T01:25:39.964000+00:00,2026-02-10T01:55:39.964000+00:00,30.0,market-reaction maturity
055b6221d07ef1b38a847451,unit-0df9687d78d7ce18a22c364b,2026-02-10T06:05:40+00:00,2026-02-10T06:35:40+00:00,30.0,market-reaction maturity
1e8b5f6801ab0ae6afb3d121,unit-d831519ad5b1fb88614e19a2,2026-02-10T06:56:00+00:00,2026-02-10T07:26:00+00:00,30.0,market-reaction maturity
f0789322e7c16f5f8ed470f0,unit-f7aa3fc5f4419791e76e5767,2026-02-10T07:39:31+00:00,2026-02-10T08:09:31+00:00,30.0,market-reaction maturity
bac8e2b306685991984c6973,unit-f7aa3fc5f4419791e76e5767,2026-02-10T07:59:59+00:00,2026-02-10T08:09:31+00:00,9.533333333333333,market-reaction maturity
9b296c89fa3263cda61d9c33,unit-e3f36c6047b131a0b2ad8283,2026-02-10T10:51:35+00:00,2026-02-10T11:21:35+00:00,30.0,market-reaction maturity
4810bb72652caedc3345bdac,unit-35ccac4245d254557272ab70,2026-02-11T00:00:00+00:00,2026-02-11T00:30:00+00:00,30.0,market-reaction maturity
cf4d4c046f9339ae42d16340,unit-35ccac4245d254557272ab70,2026-02-11T00:00:00+00:00,2026-02-11T00:30:00+00:00,30.0,market-reaction maturity
ff25d7032716bd837c897425,unit-15321bc9dc9b77e65d3145b8,2026-02-11T07:59:59+00:00,2026-02-11T08:29:59+00:00,30.0,market-reaction maturity
6f552245152b3b21d0c2884b,unit-dc2cdcb419d491edd301e284,2026-02-11T10:37:42.870000+00:00,2026-02-11T11:07:42.870000+00:00,30.0,market-reaction maturity
b5d788eeb18e64ea16072357,unit-85d9c463ef655128345a8b49,2026-02-11T12:51:39.643000+00:00,2026-02-11T13:21:39.643000+00:00,30.0,market-reaction maturity
5155dacb54e8b4afb95d40cd,unit-88cbb59d62db148393cbee7d,2026-02-11T17:42:34+00:00,2026-02-11T18:12:34+00:00,30.0,market-reaction maturity
62cde9f7f17f225c2602ca60,unit-88cbb59d62db148393cbee7d,2026-02-11T18:08:00+00:00,2026-02-11T18:12:34+00:00,4.566666666666666,market-reaction maturity
b5aae4ca405b302f0e984009,unit-e1f95413f96cc971b06370ad,2026-02-11T21:08:00+00:00,2026-02-11T21:38:00+00:00,30.0,market-reaction maturity
4770028c7415039e1e0d9e50,unit-13c4325923798049f33d3f8a,2026-02-11T23:59:59+00:00,2026-02-12T00:29:59+00:00,30.0,market-reaction maturity
54d7c292dd1ea002eabaddc4,unit-13c4325923798049f33d3f8a,2026-02-12T00:00:00+00:00,2026-02-12T00:29:59+00:00,29.983333333333334,market-reaction maturity
a29d6b3444308c0d80acd807,unit-57f81936703a640027c85073,2026-02-12T02:01:00+00:00,2026-02-12T02:31:00+00:00,30.0,market-reaction maturity
e96a3355452fb6289da0e01b,unit-cc5fb0e395f71aac7ebde9b0,2026-02-12T04:30:06.769000+00:00,2026-02-12T05:00:06.769000+00:00,30.0,market-reaction maturity
6de20c5f86be248f938885e3,unit-c53354a2782f90d9ec3492aa,2026-02-12T12:33:12+00:00,2026-02-12T13:03:12+00:00,30.0,market-reaction maturity
3c0d9c370cde911173e57fcc,unit-e0bd4206338728af88b2da06,2026-02-12T15:59:59+00:00,2026-02-12T16:29:59+00:00,30.0,market-reaction maturity
3f8db2ee939e27abf4ef3162,unit-44e9bc017eabe61c9bccd901,2026-02-13T00:00:00+00:00,2026-02-13T00:30:00+00:00,30.0,market-reaction maturity
1996616df9ad97d2747ee4f6,unit-44e9bc017eabe61c9bccd901,2026-02-13T00:00:00+00:00,2026-02-13T00:30:00+00:00,30.0,market-reaction maturity
7e5b98f1954a9b111f7a67c8,unit-44e9bc017eabe61c9bccd901,2026-02-13T00:00:00+00:00,2026-02-13T00:30:00+00:00,30.0,market-reaction maturity
eb50c12f69d3efbc0783b991,unit-8f7e627d764597d5ad9b7a58,2026-02-13T01:55:00+00:00,2026-02-13T02:25:00+00:00,30.0,market-reaction maturity
1e760c9545eecfb05900fabe,unit-8def1ef26527f47122390658,2026-02-13T05:01:14+00:00,2026-02-13T05:31:14+00:00,30.0,market-reaction maturity
22458bb6cb1bed6131f96322,unit-60ca7d5da1e37f6c46db40c9,2026-02-13T07:59:59+00:00,2026-02-13T08:29:59+00:00,30.0,market-reaction maturity
929c3a27c9521843921ad3ca,unit-60ca7d5da1e37f6c46db40c9,2026-02-13T07:59:59+00:00,2026-02-13T08:29:59+00:00,30.0,market-reaction maturity
4f8094aa04268541de4182dc,unit-59cb218dfcd2e1b5856e3deb,2026-02-13T08:30:00+00:00,2026-02-13T09:00:00+00:00,30.0,market-reaction maturity
25bf58c79067fcdfcf4ae406,unit-024a24c5b158dbbd306ae5b6,2026-02-13T09:09:46+00:00,2026-02-13T09:39:46+00:00,30.0,market-reaction maturity
7bf0384d9b26bea2d6bc0e89,unit-a32c724e78aa70b737e7ee5b,2026-02-13T13:32:01+00:00,2026-02-13T14:02:01+00:00,30.0,market-reaction maturity
e5908b1f1cbc0287d62f4d2b,unit-6ec6e8d5f3e1e588a5c24414,2026-02-13T15:59:59+00:00,2026-02-13T15:59:59+00:00,0.0,hard trigger
eb917b7ec037b2d37344e3b5,unit-cb4fc25310d5e076f97517ea,2026-02-13T15:59:59+00:00,2026-02-13T16:29:59+00:00,30.0,market-reaction maturity
9a802881b3de6174716c99c9,unit-cb4fc25310d5e076f97517ea,2026-02-13T15:59:59+00:00,2026-02-13T16:29:59+00:00,30.0,market-reaction maturity
1d1e2ab066ddf3335746c532,unit-ed6a7a286c0e91888589dcd3,2026-02-13T23:09:49+00:00,2026-02-13T23:39:49+00:00,30.0,market-reaction maturity
f168321aab6abeca39356a16,unit-a21fa6a7950f4ba7742d8b12,2026-02-14T00:00:00+00:00,2026-02-14T00:30:00+00:00,30.0,market-reaction maturity
11f633ed1b2aab3258e9eed7,unit-a21fa6a7950f4ba7742d8b12,2026-02-14T00:00:00+00:00,2026-02-14T00:30:00+00:00,30.0,market-reaction maturity
e780df0506809abb926fc1b7,unit-a21fa6a7950f4ba7742d8b12,2026-02-14T00:00:00+00:00,2026-02-14T00:30:00+00:00,30.0,market-reaction maturity
777e19b4cd6728c38207676a,unit-3d287574c1ec99120721e1f3,2026-02-14T11:22:30+00:00,2026-02-14T11:52:30+00:00,30.0,market-reaction maturity
7b9cbf7db94602a87dfc08c1,unit-294fc22ff7c9763ab2e0b2d1,2026-02-14T14:41:47+00:00,2026-02-14T15:11:47+00:00,30.0,market-reaction maturity
ea93a8dfa25f41035dfb1179,unit-4587ed377e3fd4b9f492019e,2026-02-14T15:20:22+00:00,2026-02-14T15:50:22+00:00,30.0,market-reaction maturity
89c8977e15cbefbe71e21fc4,unit-6a0d9236edcbcb5886795220,2026-02-15T01:00:00+00:00,2026-02-15T01:00:00+00:00,0.0,hard trigger
8dfdda55347056c32c4ac58d,unit-d2d21528abc394ac2f02e55f,2026-02-15T01:15:00+00:00,2026-02-15T01:45:00+00:00,30.0,market-reaction maturity
f8277a7d54a3082fe3f35201,unit-bb8b602d47eb08a57c5a6ee7,2026-02-15T07:59:59+00:00,2026-02-15T08:29:59+00:00,30.0,market-reaction maturity
143bb72fe2c6999680913ea9,unit-bb8b602d47eb08a57c5a6ee7,2026-02-15T08:00:01+00:00,2026-02-15T08:29:59+00:00,29.966666666666665,market-reaction maturity
4c6a30e2979121c7bfa6d3d8,unit-521020beb170633e674602ba,2026-02-15T10:48:49+00:00,2026-02-15T11:18:49+00:00,30.0,market-reaction maturity
ff8d3dd80e4eda91284ec7db,unit-c075c4eb91b6e6934f23b1a1,2026-02-15T15:59:59+00:00,2026-02-15T16:29:59+00:00,30.0,market-reaction maturity
33b540c11feda3f897b060ab,unit-7bd3a809beeeb3bcc556147e,2026-02-15T23:16:11+00:00,2026-02-15T23:46:11+00:00,30.0,market-reaction maturity
409ee91447884dc4fc90d588,unit-e23d46fed5e9fa08637ad41a,2026-02-16T00:00:00+00:00,2026-02-16T00:30:00+00:00,30.0,market-reaction maturity
7ce6948ec55dd50dfad6e67a,unit-e23d46fed5e9fa08637ad41a,2026-02-16T00:00:00+00:00,2026-02-16T00:30:00+00:00,30.0,market-reaction maturity
532af472a186434537d2ed4f,unit-3480f763642ee734b1096524,2026-02-16T03:39:00+00:00,2026-02-16T04:09:00+00:00,30.0,market-reaction maturity
a6cf1c347df349665a70b66c,unit-1e2c3c93ec244aa9fedc326e,2026-02-16T07:38:13+00:00,2026-02-16T08:08:13+00:00,30.0,market-reaction maturity
8f1ffb05b3256dd3eb977bb9,unit-488cbd40bcbff8a093dc2f7a,2026-02-16T15:55:00+00:00,2026-02-16T16:25:00+00:00,30.0,market-reaction maturity
5e9e5303409be93de28bcb77,unit-51d7cd19d77017e07e1d93a4,2026-02-17T00:00:00+00:00,2026-02-17T00:30:00+00:00,30.0,market-reaction maturity
4671a2ce9a50c8eddc09d1ce,unit-4bfad821aa1334c217d78cd5,2026-02-17T01:26:10+00:00,2026-02-17T01:56:10+00:00,30.0,market-reaction maturity
2be21b471550dedc14169ec7,unit-4bfad821aa1334c217d78cd5,2026-02-17T01:47:41+00:00,2026-02-17T01:56:10+00:00,8.483333333333333,market-reaction maturity
fc49bd2f97333f4c8d3efe9b,unit-fbee4f041c8c17e1bf1d5d00,2026-02-17T07:00:00+00:00,2026-02-17T07:30:00+00:00,30.0,market-reaction maturity
429d270031073922d450ceca,unit-59e067b6a414c1f086225dfe,2026-02-17T07:59:59+00:00,2026-02-17T08:29:59+00:00,30.0,market-reaction maturity
6d471f9f96d6c0ae1606831d,unit-98fef6f13779c9557add9ab1,2026-02-17T16:11:00+00:00,2026-02-17T16:41:00+00:00,30.0,market-reaction maturity
fbf813a9a35d45a5eaca7f2b,unit-08887d864ddf7ef432cf6fbc,2026-02-18T00:08:32.287000+00:00,2026-02-18T00:38:32.287000+00:00,30.0,market-reaction maturity
191fc043d43bf77a6badb8a9,unit-e01fb0ff3789d76a4d39e642,2026-02-18T04:38:26+00:00,2026-02-18T05:08:26+00:00,30.0,market-reaction maturity
2601523436f112e3a7c92740,unit-e01fb0ff3789d76a4d39e642,2026-02-18T04:49:59.420000+00:00,2026-02-18T05:08:26+00:00,18.442999999999998,market-reaction maturity
b2dbe65eacc8586b065ad4fb,unit-928e6785fcfefd587a12fbf3,2026-02-18T07:59:59+00:00,2026-02-18T08:29:59+00:00,30.0,market-reaction maturity
5234a57979bf1da0050dd16f,unit-062525c9131d257881e17c55,2026-02-18T09:14:53+00:00,2026-02-18T09:44:53+00:00,30.0,market-reaction maturity
d40efbc4793c03fddb237781,unit-b88c948defd7dc8b36bcc416,2026-02-18T15:59:59+00:00,2026-02-18T16:29:59+00:00,30.0,market-reaction maturity
67916cacfd35a8379bd39f49,unit-4002b80892982973fdd2b5af,2026-02-18T20:18:00+00:00,2026-02-18T20:48:00+00:00,30.0,market-reaction maturity
121d624b41bef6ac53959f08,unit-521abfd132c5ff8db207fff8,2026-02-19T15:11:55+00:00,2026-02-19T15:41:55+00:00,30.0,market-reaction maturity
dd7f14c3a59f9af0137487c5,unit-3427cc572a22c50cf8d01588,2026-02-19T15:59:59+00:00,2026-02-19T16:29:59+00:00,30.0,market-reaction maturity
50b81725f1df017bec37e2da,unit-e671f27bd403568816c17cd6,2026-02-19T23:26:00+00:00,2026-02-19T23:56:00+00:00,30.0,market-reaction maturity
d29cfa5a6f6d3711b57bb9da,unit-b060b6832638898fe194c728,2026-02-20T00:00:00+00:00,2026-02-20T00:30:00+00:00,30.0,market-reaction maturity
5976dbc825ffa4a109c4b4ae,unit-4165426a7b856e7ad49477ba,2026-02-20T01:28:00+00:00,2026-02-20T01:58:00+00:00,30.0,market-reaction maturity
3b1d87ab1b5211c784cd4e54,unit-72b3767b9e8c89c3221274db,2026-02-20T09:50:00+00:00,2026-02-20T10:20:00+00:00,30.0,market-reaction maturity
5f2726e5ed83329e7f86087e,unit-a4d297390f5b3fb4b4f8cb6c,2026-02-20T13:30:00+00:00,2026-02-20T14:00:00+00:00,30.0,market-reaction maturity
392d83f8b485e913302d621f,unit-4147835eea3ef257721b7145,2026-02-20T15:08:03+00:00,2026-02-20T15:38:03+00:00,30.0,market-reaction maturity
105ba744248e9a0ff185d945,unit-dcd0072c57c23307d4e040c7,2026-02-20T15:59:59+00:00,2026-02-20T16:29:59+00:00,30.0,market-reaction maturity
b0fcbc390b0a26cee718c988,unit-23025b86ffb55d70a9cbad03,2026-02-21T00:11:23+00:00,2026-02-21T00:41:23+00:00,30.0,market-reaction maturity
f754828e8002827e79144db8,unit-3ecbf8c7b127eaff3dd83065,2026-02-21T07:59:59+00:00,2026-02-21T08:29:59+00:00,30.0,market-reaction maturity
16ab3d45118e3b8bbbbd2f7b,unit-ae872a19e9579d6196b051d1,2026-02-21T09:37:08+00:00,2026-02-21T10:07:08+00:00,30.0,market-reaction maturity
029ccbbbe3a7632238b1ec12,unit-b88e84a5c8204761d7f79671,2026-02-21T15:38:26+00:00,2026-02-21T16:08:26+00:00,30.0,market-reaction maturity
12f89dcfbc590c8ac05499e0,unit-b88e84a5c8204761d7f79671,2026-02-21T15:59:59+00:00,2026-02-21T16:08:26+00:00,8.45,market-reaction maturity
a206d4ac98860aa77f301d11,unit-4426e55c074496c7dda083a2,2026-02-21T17:12:44+00:00,2026-02-21T17:42:44+00:00,30.0,market-reaction maturity
ede6805243898b1f379947b8,unit-2ae7315e28380f03114082d2,2026-02-22T00:00:00+00:00,2026-02-22T00:30:00+00:00,30.0,market-reaction maturity
fac8947c69a5c6213d6c3864,unit-2dd3561393fda9f71acc62dd,2026-02-22T02:15:29+00:00,2026-02-22T02:45:29+00:00,30.0,market-reaction maturity
0dd0f578c3eef81155638e46,unit-b9ccf7edf76ee150e7c1df84,2026-02-22T09:36:07+00:00,2026-02-22T10:06:07+00:00,30.0,market-reaction maturity
aa9d1428f35b344d5f49d21b,unit-4beec4b1585686a958d9c7d4,2026-02-22T16:19:38+00:00,2026-02-22T16:49:38+00:00,30.0,market-reaction maturity
6c549cc4b34b53a10645d3ed,unit-499d1fe4d5960ca62ea3baf8,2026-02-22T22:30:21+00:00,2026-02-22T23:00:21+00:00,30.0,market-reaction maturity
5f63b76ba3a505c00d25e5b4,unit-b0386720bbd4563e0e5a58c5,2026-02-22T23:59:59+00:00,2026-02-23T00:29:59+00:00,30.0,market-reaction maturity
6e8e2a5457ad8e9654a948ae,unit-b0386720bbd4563e0e5a58c5,2026-02-23T00:00:00+00:00,2026-02-23T00:29:59+00:00,29.983333333333334,market-reaction maturity
479a68589cf84fa60fd3f880,unit-b0386720bbd4563e0e5a58c5,2026-02-23T00:00:00+00:00,2026-02-23T00:29:59+00:00,29.983333333333334,market-reaction maturity
13d1fd7ec9b829d89e1fde7c,unit-560c1d49a23e6983ea7dd1b7,2026-02-23T02:44:10+00:00,2026-02-23T03:14:10+00:00,30.0,market-reaction maturity
732250a2453b5c9f99b79a70,unit-e0f4fb25879935bbc8d2b071,2026-02-23T05:22:52+00:00,2026-02-23T05:52:52+00:00,30.0,market-reaction maturity
4cd5e20949ae9d600802718f,unit-e0f4fb25879935bbc8d2b071,2026-02-23T05:32:39+00:00,2026-02-23T05:52:52+00:00,20.216666666666665,market-reaction maturity
519ce94fc62c15b9cedd3006,unit-8dfac71bd6ac175eb10f7d0c,2026-02-23T07:59:59+00:00,2026-02-23T08:29:59+00:00,30.0,market-reaction maturity
5f29db4d41ddbd5211e52992,unit-08adc54f78747e79a25328ba,2026-02-23T12:24:00+00:00,2026-02-23T12:54:00+00:00,30.0,market-reaction maturity
72b3c1ac67038ebae1f7024e,unit-c8f7cc3a8c00f937c5bec691,2026-02-23T15:07:46+00:00,2026-02-23T15:37:46+00:00,30.0,market-reaction maturity
aa642154b372e5ae03e64d0f,unit-a9287be2496a6a22e80c53e5,2026-02-24T00:00:00+00:00,2026-02-24T00:30:00+00:00,30.0,market-reaction maturity
0640b401549ed31229d037e0,unit-a9287be2496a6a22e80c53e5,2026-02-24T00:00:00+00:00,2026-02-24T00:30:00+00:00,30.0,market-reaction maturity
99da8f85c3f478d46c3e7dbb,unit-a9287be2496a6a22e80c53e5,2026-02-24T00:00:00+00:00,2026-02-24T00:30:00+00:00,30.0,market-reaction maturity
d8294600becbed8212996570,unit-a9287be2496a6a22e80c53e5,2026-02-24T00:00:00+00:00,2026-02-24T00:30:00+00:00,30.0,market-reaction maturity
b4fa84de6a50d027220da90e,unit-a9287be2496a6a22e80c53e5,2026-02-24T00:00:00+00:00,2026-02-24T00:30:00+00:00,30.0,market-reaction maturity
6f956c7f480738c3876e186f,unit-919f81760caa8696a9049b6a,2026-02-24T04:19:19+00:00,2026-02-24T04:49:19+00:00,30.0,market-reaction maturity
d775ac2c1786b6e58796e807,unit-919f81760caa8696a9049b6a,2026-02-24T04:27:47+00:00,2026-02-24T04:49:19+00:00,21.533333333333335,market-reaction maturity
1d6e685fb9d36d3e0e1abfc9,unit-f93502b1d2bad8eaad5333a5,2026-02-24T06:32:00+00:00,2026-02-24T07:02:00+00:00,30.0,market-reaction maturity
c227ee358311a4f2dfad98c0,unit-edef5c4a003827c83ff30bdc,2026-02-24T07:46:00+00:00,2026-02-24T08:16:00+00:00,30.0,market-reaction maturity
2a3f9b678a68ca33ef448f82,unit-edef5c4a003827c83ff30bdc,2026-02-24T07:46:00+00:00,2026-02-24T08:16:00+00:00,30.0,market-reaction maturity
ec6cd9d793f274483d155090,unit-edef5c4a003827c83ff30bdc,2026-02-24T07:59:59+00:00,2026-02-24T08:16:00+00:00,16.016666666666666,market-reaction maturity
2ebf93a7dd9169f43808c0ce,unit-edef5c4a003827c83ff30bdc,2026-02-24T07:59:59+00:00,2026-02-24T08:16:00+00:00,16.016666666666666,market-reaction maturity
09178d62cea2581f74e42e8b,unit-c3bd7df28750c035f879180e,2026-02-24T14:19:34+00:00,2026-02-24T14:49:34+00:00,30.0,market-reaction maturity
09fb90c736164f867462ea4d,unit-88e00fa5525124d5c649c47d,2026-02-24T18:40:00+00:00,2026-02-24T19:10:00+00:00,30.0,market-reaction maturity
9b2bcbc00ae552439255a1d6,unit-4539834761cb7c48dd39c83d,2026-02-25T00:00:00+00:00,2026-02-25T00:30:00+00:00,30.0,market-reaction maturity
05a420308ba04ef7ee905bf6,unit-4539834761cb7c48dd39c83d,2026-02-25T00:00:00+00:00,2026-02-25T00:30:00+00:00,30.0,market-reaction maturity
f84136cabccd718941a817e3,unit-4539834761cb7c48dd39c83d,2026-02-25T00:00:00+00:00,2026-02-25T00:30:00+00:00,30.0,market-reaction maturity
0e271ff9b1e446bc86b23d53,unit-28c98552132b571bb8a34a9a,2026-02-25T01:44:00+00:00,2026-02-25T02:14:00+00:00,30.0,market-reaction maturity
f4e285f0f7c7384853dafb38,unit-ad23a29b8446513d3e346c8c,2026-02-25T07:32:46.298000+00:00,2026-02-25T08:02:46.298000+00:00,30.0,market-reaction maturity
354b87ca75e0f6b46d5f88ac,unit-4caa8c5e44404748f84c7e3c,2026-02-25T07:59:59+00:00,2026-02-25T07:59:59+00:00,0.0,hard trigger
b7499e50300e01d44b1599df,unit-ad23a29b8446513d3e346c8c,2026-02-25T07:59:59+00:00,2026-02-25T08:02:46.298000+00:00,2.7883,market-reaction maturity
9e9ea0c218d9c675d8b5eddc,unit-ad23a29b8446513d3e346c8c,2026-02-25T07:59:59+00:00,2026-02-25T08:02:46.298000+00:00,2.7883,market-reaction maturity
e64dbd0c65ae833e4e0a3e2f,unit-ad23a29b8446513d3e346c8c,2026-02-25T07:59:59+00:00,2026-02-25T08:02:46.298000+00:00,2.7883,market-reaction maturity
fc7f7a5a8ed9433e61c21e3f,unit-ad23a29b8446513d3e346c8c,2026-02-25T07:59:59+00:00,2026-02-25T08:02:46.298000+00:00,2.7883,market-reaction maturity
7c8686ed4c6cb640f89a240e,unit-a97d22543e1c3139936ebf42,2026-02-25T12:39:00+00:00,2026-02-25T13:09:00+00:00,30.0,market-reaction maturity
3c1c9c4c2ac0a4f9d75f943e,unit-a97d22543e1c3139936ebf42,2026-02-25T12:48:00+00:00,2026-02-25T13:09:00+00:00,21.0,market-reaction maturity
2a17b5cbf4521dedd7fd365d,unit-3506dde590a12f54f1650474,2026-02-25T14:40:21+00:00,2026-02-25T15:10:21+00:00,30.0,market-reaction maturity
f6098660f8528df24f059ee4,unit-8b495087a51c931b93da1497,2026-02-26T00:00:00+00:00,2026-02-26T00:30:00+00:00,30.0,market-reaction maturity
0199787f3a83afe6af7f5280,unit-8b495087a51c931b93da1497,2026-02-26T00:00:00+00:00,2026-02-26T00:30:00+00:00,30.0,market-reaction maturity
31b6a2cef89b28290e4f6dde,unit-8b495087a51c931b93da1497,2026-02-26T00:00:00+00:00,2026-02-26T00:30:00+00:00,30.0,market-reaction maturity
d87f48b65fdf71229ce94a53,unit-bfe1eced6d84e7071f66cb2c,2026-02-26T01:46:37.037000+00:00,2026-02-26T02:16:37.037000+00:00,30.0,market-reaction maturity
8ebab5614c31372901939ff1,unit-0609018ed6f107f95b10518c,2026-02-26T07:59:59+00:00,2026-02-26T08:29:59+00:00,30.0,market-reaction maturity
f4353e288c601278818399ee,unit-0609018ed6f107f95b10518c,2026-02-26T07:59:59+00:00,2026-02-26T08:29:59+00:00,30.0,market-reaction maturity
d17b66c84fedcf23f1eeec4a,unit-0609018ed6f107f95b10518c,2026-02-26T07:59:59+00:00,2026-02-26T08:29:59+00:00,30.0,market-reaction maturity
f3c8ff16a1094ce8a1b62969,unit-8248d0595a6dc6d715bf2677,2026-02-27T00:00:00+00:00,2026-02-27T00:30:00+00:00,30.0,market-reaction maturity
4b742082b53512f72d803e33,unit-8248d0595a6dc6d715bf2677,2026-02-27T00:00:00+00:00,2026-02-27T00:30:00+00:00,30.0,market-reaction maturity
de9e7b63b88a3e5bc7a26da6,unit-8248d0595a6dc6d715bf2677,2026-02-27T00:00:00+00:00,2026-02-27T00:30:00+00:00,30.0,market-reaction maturity
4f277ae80e3892129545e87e,unit-8248d0595a6dc6d715bf2677,2026-02-27T00:00:00+00:00,2026-02-27T00:30:00+00:00,30.0,market-reaction maturity
07e202e9ad3e658dc2d0292f,unit-8248d0595a6dc6d715bf2677,2026-02-27T00:00:00+00:00,2026-02-27T00:30:00+00:00,30.0,market-reaction maturity
77397fdfd577bd0177f8d46f,unit-8248d0595a6dc6d715bf2677,2026-02-27T00:00:00+00:00,2026-02-27T00:30:00+00:00,30.0,market-reaction maturity
2eb7ce58f20f1c7d27b1ae06,unit-68c8c846273bec8cc6b98112,2026-02-27T11:21:26+00:00,2026-02-27T11:51:26+00:00,30.0,market-reaction maturity
b59eea757e266d358ab25325,unit-277927094e3e28352474dd9c,2026-02-27T13:30:00+00:00,2026-02-27T14:00:00+00:00,30.0,market-reaction maturity
62fc297c3abd836da6f21057,unit-23ed1947db8b771a8dca2337,2026-02-27T15:59:59+00:00,2026-02-27T16:29:59+00:00,30.0,market-reaction maturity
11db4d9066510644a8758b07,unit-a735f22ca6f2f8e2f4049443,2026-02-28T00:00:00+00:00,2026-02-28T00:30:00+00:00,30.0,market-reaction maturity
ec38cc0852e49aa352c96461,unit-a735f22ca6f2f8e2f4049443,2026-02-28T00:11:06+00:00,2026-02-28T00:30:00+00:00,18.9,market-reaction maturity
1ca29eeb170735664c4861d8,unit-fa91960f2b1603234b01b63a,2026-02-28T02:17:47+00:00,2026-02-28T02:47:47+00:00,30.0,market-reaction maturity
ed233aa6360f8b511c261d15,unit-ea79361afeca26e754537bb8,2026-02-28T07:59:59+00:00,2026-02-28T08:29:59+00:00,30.0,market-reaction maturity
8e3584ab1ff7b7ee89e47dab,unit-324613c7083ba8a729e1dd9d,2026-02-28T08:56:25+00:00,2026-02-28T09:26:25+00:00,30.0,market-reaction maturity
0365509f63fc8b1a17543c42,unit-b076c3fc57638ac44c224275,2026-02-28T10:22:00+00:00,2026-02-28T10:52:00+00:00,30.0,market-reaction maturity
efad42caa51f53ffae534020,unit-352b87a74bff01c64b4c583e,2026-02-28T13:35:00+00:00,2026-02-28T14:05:00+00:00,30.0,market-reaction maturity
157830ff0136c4f17a3cad7d,unit-352b87a74bff01c64b4c583e,2026-02-28T13:35:00+00:00,2026-02-28T14:05:00+00:00,30.0,market-reaction maturity
16583d5ea3ac0b020f49336a,unit-60d6ecd1bd5afae0771db7a3,2026-02-28T17:50:00+00:00,2026-02-28T18:20:00+00:00,30.0,market-reaction maturity
4745ef29ef6176624b20a2e3,unit-a13de4a225e7eb93ffb146e7,2026-02-28T18:47:27+00:00,2026-02-28T19:17:27+00:00,30.0,market-reaction maturity
40420b402c39379f0cd0039b,unit-0677dc5805b28e5dda07ac88,2026-03-01T02:23:03+00:00,2026-03-01T02:53:03+00:00,30.0,market-reaction maturity
ab9674a22670196d5088c861,unit-d13cae9d03ebe0886ee07407,2026-03-01T06:47:53.347000+00:00,2026-03-01T07:17:53.347000+00:00,30.0,market-reaction maturity
da4d4879db08d25f2d57c9ea,unit-ba4c145099c5be0de85e7e72,2026-03-01T07:00:01.753000+00:00,2026-03-01T07:30:01.753000+00:00,30.0,market-reaction maturity
e4d6d9926fea8622d123d220,unit-81e80099c12e7fec71c60641,2026-03-01T07:59:59+00:00,2026-03-01T07:59:59+00:00,0.0,hard trigger
a57fec71088964025a923a0a,unit-7e8f162cbf5a8b4bfcbcf608,2026-03-01T07:59:59+00:00,2026-03-01T08:29:59+00:00,30.0,market-reaction maturity
f6725355cde25e15bcbe9fb3,unit-ed1de0ec60da1b7b02b64040,2026-03-01T09:38:52+00:00,2026-03-01T10:08:52+00:00,30.0,market-reaction maturity
bca02a467e8dc1432e41d5c4,unit-ed1de0ec60da1b7b02b64040,2026-03-01T09:50:09+00:00,2026-03-01T10:08:52+00:00,18.716666666666665,market-reaction maturity
51ab1de86e107db129537d98,unit-28a6b8c82b6fe5f332449c46,2026-03-01T15:59:59+00:00,2026-03-01T16:29:59+00:00,30.0,market-reaction maturity
de97296f08b3dd691f7537aa,unit-6f07d7861d6867de60dfc6e8,2026-03-01T18:08:41+00:00,2026-03-01T18:38:41+00:00,30.0,market-reaction maturity
c964e6224466835a587e00e1,unit-82f18746c173df1cbcdbce70,2026-03-01T23:05:51+00:00,2026-03-01T23:35:51+00:00,30.0,market-reaction maturity
30f8e92c534d134db818789d,unit-eecfeef7bc8e653fe32e8824,2026-03-02T00:00:00+00:00,2026-03-02T00:30:00+00:00,30.0,market-reaction maturity
4a34cfc24a06881d21b55d7f,unit-eecfeef7bc8e653fe32e8824,2026-03-02T00:00:00+00:00,2026-03-02T00:30:00+00:00,30.0,market-reaction maturity
83aaaa652f3e66501fa1fffa,unit-eecfeef7bc8e653fe32e8824,2026-03-02T00:00:00+00:00,2026-03-02T00:30:00+00:00,30.0,market-reaction maturity
21088681fa8c214074bef55b,unit-aacdd40e9709f54da4d4b412,2026-03-02T03:14:53+00:00,2026-03-02T03:44:53+00:00,30.0,market-reaction maturity
72bba68b41289a752798a479,unit-aacdd40e9709f54da4d4b412,2026-03-02T03:21:00+00:00,2026-03-02T03:44:53+00:00,23.883333333333333,market-reaction maturity
163dd4b43fc4c01aed9af7c7,unit-f511116d0ddd145db52c2c58,2026-03-02T05:49:40+00:00,2026-03-02T06:19:40+00:00,30.0,market-reaction maturity
2933ef85a4391aa8ad5d646a,unit-a6758b4d4f7dc1ecc03ff139,2026-03-02T06:59:02.478000+00:00,2026-03-02T07:29:02.478000+00:00,30.0,market-reaction maturity
ba68ab64affeb8901cd012a3,unit-a2ab48def022f7680c3bc8b4,2026-03-02T15:12:10+00:00,2026-03-02T15:42:10+00:00,30.0,market-reaction maturity
53b5ee2fd02e8f37b5018388,unit-a2ab48def022f7680c3bc8b4,2026-03-02T15:41:03+00:00,2026-03-02T15:42:10+00:00,1.1166666666666667,market-reaction maturity
24063913eebea20f09e5e601,unit-9eb7b224d4e1434819882ef6,2026-03-02T15:59:59+00:00,2026-03-02T16:29:59+00:00,30.0,market-reaction maturity
8322e9e3990e325b902c1ed1,unit-3ca2055aa6bb6d10ec78e45e,2026-03-02T19:47:14+00:00,2026-03-02T20:17:14+00:00,30.0,market-reaction maturity
1b81b4bd04ab9a654f1f80f5,unit-9103fb6bbeec14aa90354361,2026-03-02T23:59:59+00:00,2026-03-02T23:59:59+00:00,0.0,hard trigger
afecdbbd84b385393fc58733,unit-29f1d03f5d3cbd9cfb2bd4ca,2026-03-03T00:06:14+00:00,2026-03-03T00:36:14+00:00,30.0,market-reaction maturity
76bb46e6fdd2a4777924ea9e,unit-11b9f78fd1518ba4dbf16236,2026-03-03T02:27:50+00:00,2026-03-03T02:57:50+00:00,30.0,market-reaction maturity
7bfbf7629933aac7d85b1537,unit-11b9f78fd1518ba4dbf16236,2026-03-03T02:28:44+00:00,2026-03-03T02:57:50+00:00,29.1,market-reaction maturity
4552d182e161f5ba68c699a5,unit-fc3eecd3f86f4efb02dd076d,2026-03-03T10:03:27+00:00,2026-03-03T10:33:27+00:00,30.0,market-reaction maturity
ae0c13a2fb3ad9229e77a2e8,unit-2612b39eeeba45cf49f6450a,2026-03-03T15:59:59+00:00,2026-03-03T16:29:59+00:00,30.0,market-reaction maturity
6424c13e5d5b8446827812ad,unit-35b8d39f5b6cf774034016ee,2026-03-03T21:09:47+00:00,2026-03-03T21:39:47+00:00,30.0,market-reaction maturity
58dfd0794e4a583d70878ac9,unit-c642f3b077b53fb65d45af62,2026-03-04T00:00:00+00:00,2026-03-04T00:30:00+00:00,30.0,market-reaction maturity
eba0353845d4861d95a2090e,unit-13ef6116ff0382406c244d4f,2026-03-04T03:14:52.736000+00:00,2026-03-04T03:44:52.736000+00:00,30.0,market-reaction maturity
d5f77f7592a9337279202a80,unit-4746da6f6a76c175c732b5c5,2026-03-04T15:59:59+00:00,2026-03-04T16:29:59+00:00,30.0,market-reaction maturity
7a1da1d68c66b56db67802c8,unit-1bf22860b04fca4a36581a1c,2026-03-04T23:25:00+00:00,2026-03-04T23:55:00+00:00,30.0,market-reaction maturity
fb620df136ffcfe26ed5c9f0,unit-1bc9c7b52035a38a423194c9,2026-03-05T00:36:00+00:00,2026-03-05T01:06:00+00:00,30.0,market-reaction maturity
dbb6985a154f8759ff059a25,unit-844c24a177b0ba8fdeab2622,2026-03-05T01:41:12+00:00,2026-03-05T02:11:12+00:00,30.0,market-reaction maturity
cfcb9c6d1e7067f6468245c5,unit-940c5af7c55843310429c715,2026-03-05T03:39:25+00:00,2026-03-05T04:09:25+00:00,30.0,market-reaction maturity
42633aefb75378c272992e88,unit-940c5af7c55843310429c715,2026-03-05T03:45:41+00:00,2026-03-05T04:09:25+00:00,23.733333333333334,market-reaction maturity
aea1cc6f1865b41b2cac0e2f,unit-d6042fb43b6299e9a6460f03,2026-03-05T07:59:59+00:00,2026-03-05T08:29:59+00:00,30.0,market-reaction maturity
a94c8cda4c77d4be23f49ec5,unit-1a17d523373ae47330d151d1,2026-03-05T11:22:25+00:00,2026-03-05T11:52:25+00:00,30.0,market-reaction maturity
49890d846a5fe62d3e023ca2,unit-e38f81cee13a281a4fb5d1f6,2026-03-05T15:37:57+00:00,2026-03-05T16:07:57+00:00,30.0,market-reaction maturity
