time_utc,pm_normalized,analysis_direct_normalized
2026-09-11T22:20:00+00:00,1.0,1.0
2026-09-11T22:25:00+00:00,0.9999935196225829,1.0
2026-09-11T22:30:00+00:00,0.9995917310571801,1.0
2026-09-11T22:35:00+00:00,0.9988785891974389,1.0
2026-09-11T22:40:00+00:00,0.9998452438460607,1.0
2026-09-11T22:45:00+00:00,0.999508211533402,1.0
2026-09-11T22:50:00+00:00,0.9990932653469002,1.0
2026-09-11T22:55:00+00:00,0.9992424495755216,1.0
2026-09-11T23:00:00+00:00,0.9996899414300213,1.0
2026-09-11T23:05:00+00:00,1.0000075790754672,1.0
2026-09-11T23:10:00+00:00,1.0000010987329249,1.0
2026-09-11T23:15:00+00:00,0.9995733906237253,1.0
2026-09-11T23:20:00+00:00,0.9997289874810094,1.0
2026-09-11T23:25:00+00:00,0.9997095411999568,1.0
2026-09-11T23:30:00+00:00,0.9999493838920857,1.0
2026-09-11T23:35:00+00:00,1.0000141907277336,1.0
2026-09-11T23:40:00+00:00,1.000040111807351,1.0
2026-09-11T23:45:00+00:00,0.9999105091387049,1.0
2026-09-11T23:50:00+00:00,0.9998586617290897,1.0
2026-09-11T23:55:00+00:00,1.0000012496569315,1.0
2026-09-12T00:00:00+00:00,1.0001567779434213,1.0
2026-09-12T00:05:00+00:00,1.0006686488002334,1.0
2026-09-12T00:10:00+00:00,1.000694552935462,1.0
2026-09-12T00:15:00+00:00,1.0006621734474492,1.0
2026-09-12T00:20:00+00:00,1.0006556973402925,1.0
2026-09-12T00:25:00+00:00,1.0006427450421531,1.0
2026-09-12T00:30:00+00:00,1.0006297927021,1.0
2026-09-12T00:35:00+00:00,1.0005002672477283,1.0
2026-09-12T00:40:00+00:00,1.0004614054481926,1.0
2026-09-12T00:45:00+00:00,1.0006362966087767,1.0
2026-09-12T00:50:00+00:00,1.0006168677837979,1.0
2026-09-12T00:55:00+00:00,1.0009018276140969,1.0
2026-09-12T01:00:00+00:00,1.0006687450975136,1.0
2026-09-12T01:05:00+00:00,1.0005975088759453,1.0
2026-09-12T01:10:00+00:00,1.0010637928296537,1.0
2026-09-12T01:15:00+00:00,1.001238576547303,1.0
2026-09-12T01:20:00+00:00,1.0011609085137745,1.0
2026-09-12T01:25:00+00:00,1.0009408304709124,1.0
2026-09-12T01:30:00+00:00,1.0008566650645336,1.0
2026-09-12T01:35:00+00:00,1.0008760895356392,1.0
2026-09-12T01:40:00+00:00,1.000720697159536,1.0
2026-09-12T01:45:00+00:00,1.0005717563399161,1.0
2026-09-12T01:50:00+00:00,1.000798440687386,1.0
2026-09-12T01:55:00+00:00,1.000681887361744,1.0
2026-09-12T02:00:00+00:00,1.0005588445177354,1.0
2026-09-12T02:05:00+00:00,1.0006624723650326,1.0
2026-09-12T02:10:00+00:00,1.0008502783551558,1.0
2026-09-12T02:15:00+00:00,1.0007466800497895,1.0
2026-09-12T02:20:00+00:00,1.0007466800497895,1.0
2026-09-12T02:25:00+00:00,1.0008697150199743,1.0
2026-09-12T02:30:00+00:00,1.000610725997211,1.0
2026-09-12T02:35:00+00:00,1.0005459620100268,1.0
2026-09-12T02:40:00+00:00,1.0003581329519073,1.0
2026-09-12T02:45:00+00:00,1.0003581329938573,1.0
2026-09-12T02:50:00+00:00,1.0004812255838849,1.0
2026-09-12T02:55:00+00:00,1.000416453209117,1.0
2026-09-12T03:00:00+00:00,1.000675559693844,1.0
2026-09-12T03:05:00+00:00,1.0008050802167139,1.0
2026-09-12T03:10:00+00:00,1.0006237761634784,1.0
2026-09-12T03:15:00+00:00,1.0005978707169874,1.0
2026-09-12T03:20:00+00:00,1.0006885421271858,1.0
2026-09-12T03:25:00+00:00,1.0003776989396873,1.0
2026-09-12T03:30:00+00:00,1.000617383290069,1.0
2026-09-12T03:35:00+00:00,1.0005202372288573,1.0
2026-09-12T03:40:00+00:00,1.0003971744409839,1.0
2026-09-12T03:45:00+00:00,1.0003259188160185,1.0
2026-09-12T03:50:00+00:00,1.0002935273594342,1.0
2026-09-12T03:55:00+00:00,1.0004619683881213,1.0
2026-09-12T04:00:00+00:00,1.0004619684300593,1.0
2026-09-12T04:05:00+00:00,1.0007210648518885,1.0
2026-09-12T04:10:00+00:00,1.0007340162778144,1.0
2026-09-12T04:15:00+00:00,1.0006174553720355,1.0
2026-09-12T04:20:00+00:00,1.0003001115492163,1.0
2026-09-12T04:25:00+00:00,1.0003713746073433,1.0
2026-09-12T04:30:00+00:00,1.0004491105876527,1.0
2026-09-12T04:35:00+00:00,1.000617525458972,1.0
2026-09-12T04:40:00+00:00,1.0006758131039808,1.0
2026-09-12T04:45:00+00:00,1.0004102942884117,1.0
2026-09-12T04:50:00+00:00,1.0004815495056327,1.0
2026-09-12T04:55:00+00:00,1.000345526505894,1.0
2026-09-12T05:00:00+00:00,1.0002094850077745,1.0
2026-09-12T05:05:00+00:00,1.000118778338408,1.0
2026-09-12T05:10:00+00:00,0.9999827069167182,1.0
2026-09-12T05:15:00+00:00,1.0002224845459766,1.0
2026-09-12T05:20:00+00:00,1.0002807952232724,1.0
2026-09-12T05:25:00+00:00,1.0001577020801666,1.0
2026-09-12T05:30:00+00:00,1.0000475525535057,1.0
2026-09-12T05:35:00+00:00,1.0003067564601849,1.0
2026-09-12T05:40:00+00:00,1.0003780190686398,1.0
2026-09-12T05:45:00+00:00,1.0003326737018383,1.0
2026-09-12T05:50:00+00:00,1.0003326737018383,1.0
2026-09-12T05:55:00+00:00,1.000300282446068,1.0
2026-09-12T06:00:00+00:00,1.0001447975373974,1.0
2026-09-12T06:05:00+00:00,1.000157756431873,1.0
2026-09-12T06:10:00+00:00,1.0001512770475998,1.0
2026-09-12T06:15:00+00:00,1.0001253595524815,1.0
2026-09-12T06:20:00+00:00,1.000267910624138,1.0
2026-09-12T06:25:00+00:00,1.0002743892950101,1.0
2026-09-12T06:30:00+00:00,1.0002873465528312,1.0
2026-09-12T06:35:00+00:00,1.000455787673614,1.0
2026-09-12T06:40:00+00:00,1.000591814216107,1.0
2026-09-12T06:45:00+00:00,1.0008573537476284,1.0
2026-09-12T06:50:00+00:00,1.000896202884121,1.0
2026-09-12T06:55:00+00:00,1.0007667107886307,1.0
2026-09-12T07:00:00+00:00,1.00067605459152,1.0
2026-09-12T07:05:00+00:00,1.0008573834132166,1.0
2026-09-12T07:10:00+00:00,1.0008897576945868,1.0
2026-09-12T07:15:00+00:00,1.0008897576945868,1.0
2026-09-12T07:20:00+00:00,1.0008120619324068,1.0
2026-09-12T07:25:00+00:00,1.0008897637267882,1.0
2026-09-12T07:30:00+00:00,1.0007602707890413,1.0
2026-09-12T07:35:00+00:00,1.0006631385173432,1.0
2026-09-12T07:40:00+00:00,1.0005530453439095,1.0
2026-09-12T07:45:00+00:00,1.0005271380396192,1.0
2026-09-12T07:50:00+00:00,1.0004688450955486,1.0
2026-09-12T07:55:00+00:00,1.000572482405606,1.0
2026-09-12T08:00:00+00:00,1.000572482405606,1.0
2026-09-12T08:05:00+00:00,1.0007408766144932,1.0
2026-09-12T08:10:00+00:00,1.00088981566045,1.0
2026-09-12T08:15:00+00:00,1.0006373044187413,1.0
2026-09-12T08:20:00+00:00,1.000721495575465,1.0
2026-09-12T08:25:00+00:00,1.0007020683653578,1.0
2026-09-12T08:30:00+00:00,1.000656737328403,1.0
2026-09-12T08:35:00+00:00,1.0007474035096073,1.0
2026-09-12T08:40:00+00:00,1.0008574875142917,1.0
2026-09-12T08:45:00+00:00,1.0008574875142917,1.0
2026-09-12T08:50:00+00:00,1.0008898617990292,1.0
2026-09-12T08:55:00+00:00,1.0009157603891161,1.0
2026-09-12T09:00:00+00:00,1.0010258258789555,1.0
2026-09-12T09:05:00+00:00,1.0010258258789555,1.0
2026-09-12T09:10:00+00:00,1.0009351931244588,1.0
2026-09-12T09:15:00+00:00,1.00102583408632,1.0
2026-09-12T09:20:00+00:00,1.0009999388877926,1.0
2026-09-12T09:25:00+00:00,1.0010582039741924,1.0
2026-09-12T09:30:00+00:00,1.0010646775331105,1.0
2026-09-12T09:35:00+00:00,1.000974047750116,1.0
2026-09-12T09:40:00+00:00,1.001135900330729,1.0
2026-09-12T09:45:00+00:00,1.0009287625152954,1.0
2026-09-12T09:50:00+00:00,1.000870493364857,1.0
2026-09-12T09:55:00+00:00,1.0008510692117885,1.0
2026-09-12T10:00:00+00:00,1.0009870412572626,1.0
2026-09-12T10:05:00+00:00,1.0011812606361985,1.0
2026-09-12T10:10:00+00:00,1.0011877334839987,1.0
2026-09-12T10:15:00+00:00,1.0012912964124447,1.0
2026-09-12T10:20:00+00:00,1.0012589363991926,1.0
2026-09-12T10:25:00+00:00,1.0011877410984567,1.0
2026-09-12T10:30:00+00:00,1.0011424317912212,1.0
2026-09-12T10:35:00+00:00,1.001019444501328,1.0
2026-09-12T10:40:00+00:00,1.0011036046258417,1.0
2026-09-12T10:45:00+00:00,1.001110077892302,1.0
2026-09-12T10:50:00+00:00,1.0010065062986397,1.0
2026-09-12T10:55:00+00:00,1.000766970697003,1.0
2026-09-12T11:00:00+00:00,1.000864103032387,1.0
2026-09-12T11:05:00+00:00,1.00085762830019,1.0
2026-09-12T11:10:00+00:00,1.0007605054323159,1.0
2026-09-12T11:15:00+00:00,1.000825260756204,1.0
2026-09-12T11:20:00+00:00,1.0006828102379013,1.0
2026-09-12T11:25:00+00:00,1.0006957621744836,1.0
2026-09-12T11:30:00+00:00,1.0006698584270453,1.0
2026-09-12T11:35:00+00:00,1.0006957625935873,1.0
2026-09-12T11:40:00+00:00,1.000818804042434,1.0
2026-09-12T11:45:00+00:00,1.0009677315578513,1.0
2026-09-12T11:50:00+00:00,1.0010065762252016,1.0
2026-09-12T11:55:00+00:00,1.0010713147973191,1.0
2026-09-12T12:00:00+00:00,1.0010777882735726,1.0
2026-09-12T12:05:00+00:00,1.0009936331241343,1.0
2026-09-12T12:10:00+00:00,1.0010389513097553,1.0
2026-09-12T12:15:00+00:00,1.00085121325519,1.0
2026-09-12T12:20:00+00:00,1.0007799898563778,1.0
2026-09-12T12:25:00+00:00,1.0007929405783336,1.0
2026-09-12T12:30:00+00:00,1.0008706444492064,1.0
2026-09-12T12:35:00+00:00,1.000870644491093,1.0
2026-09-12T12:40:00+00:00,1.000987189720302,1.0
2026-09-12T12:45:00+00:00,1.0008771306978792,1.0
2026-09-12T12:50:00+00:00,1.0008641811905872,1.0
2026-09-12T12:55:00+00:00,1.0007411605152776,1.0
2026-09-12T13:00:00+00:00,1.0009289545357631,1.0
2026-09-12T13:05:00+00:00,1.000941903331408,1.0
2026-09-12T13:10:00+00:00,1.0011102366278424,1.0
2026-09-12T13:15:00+00:00,1.0008513093187115,1.0
2026-09-12T13:20:00+00:00,1.00076066070814,1.0
2026-09-12T13:25:00+00:00,1.000566391731222,1.0
2026-09-12T13:30:00+00:00,1.000728309344167,1.0
2026-09-12T13:35:00+00:00,1.0007477364351232,1.0
2026-09-12T13:40:00+00:00,1.0007024077713869,1.0
2026-09-12T13:45:00+00:00,1.0006829803451587,1.0
2026-09-12T13:50:00+00:00,1.000657076383772,1.0
2026-09-12T13:55:00+00:00,1.0009031720221997,1.0
2026-09-12T14:00:00+00:00,1.0011427294598312,1.0
2026-09-12T14:05:00+00:00,1.0011880405801064,1.0
2026-09-12T14:10:00+00:00,1.0012074587528377,1.0
2026-09-12T14:15:00+00:00,1.0011492053644537,1.0
2026-09-12T14:20:00+00:00,1.001142732472806,1.0
2026-09-12T14:25:00+00:00,1.0012851398138534,1.0
2026-09-12T14:30:00+00:00,1.001531077941477,1.0
2026-09-12T14:35:00+00:00,1.001634606776803,1.0
2026-09-12T14:40:00+00:00,1.0018157634829412,1.0
2026-09-12T14:45:00+00:00,1.0016863900954363,1.0
2026-09-12T14:50:00+00:00,1.0018869447488217,1.0
2026-09-12T14:55:00+00:00,1.0017899222645343,1.0
2026-09-12T15:00:00+00:00,1.0016928891296621,1.0
2026-09-12T15:05:00+00:00,1.001692889171445,1.0
2026-09-12T15:10:00+00:00,1.0014664551962416,1.0
2026-09-12T15:15:00+00:00,1.0014664552380528,1.0
2026-09-12T15:20:00+00:00,1.0015958729718848,1.0
2026-09-12T15:25:00+00:00,1.0015764627007102,1.0
2026-09-12T15:30:00+00:00,1.0017058670163603,1.0
2026-09-12T15:35:00+00:00,1.0013823980142367,1.0
2026-09-12T15:40:00+00:00,1.0015247713265585,1.0
2026-09-12T15:45:00+00:00,1.0013435947795164,1.0
2026-09-12T15:50:00+00:00,1.0011947461867743,1.0
2026-09-12T15:55:00+00:00,1.0012918358594944,1.0
2026-09-12T16:00:00+00:00,1.0012465317998007,1.0
2026-09-12T16:05:00+00:00,1.0014277575773929,1.0
2026-09-12T16:10:00+00:00,1.0011430276215012,1.0
2026-09-12T16:15:00+00:00,1.0011495006406113,1.0
2026-09-12T16:20:00+00:00,1.0011753924240923,1.0
2026-09-12T16:25:00+00:00,1.0012077563060067,1.0
2026-09-12T16:30:00+00:00,1.0012012837053739,1.0
2026-09-12T16:35:00+00:00,1.00128542755545,1.0
2026-09-12T16:40:00+00:00,1.0010783204007987,1.0
2026-09-12T16:45:00+00:00,1.0011106874225297,1.0
2026-09-12T16:50:00+00:00,1.0010847947176273,1.0
2026-09-12T16:55:00+00:00,1.0010330079265177,1.0
2026-09-12T17:00:00+00:00,1.0011042185476826,1.0
2026-09-12T17:05:00+00:00,1.0011883705609954,1.0
2026-09-12T17:10:00+00:00,1.0012789881862785,1.0
2026-09-12T17:15:00+00:00,1.00103952057271,1.0
2026-09-12T17:20:00+00:00,1.0008258888265067,1.0
2026-09-12T17:25:00+00:00,1.0006251616125423,1.0
2026-09-12T17:30:00+00:00,1.0006316379831321,1.0
2026-09-12T17:35:00+00:00,1.0004956360031427,1.0
2026-09-12T17:40:00+00:00,1.00017177768362,1.0
2026-09-12T17:45:00+00:00,1.0002560086773096,1.0
2026-09-12T17:50:00+00:00,1.0000227732584845,1.0
2026-09-12T17:55:00+00:00,1.0000098127124268,1.0
2026-09-12T18:00:00+00:00,1.0001718216378503,1.0
2026-09-12T18:05:00+00:00,1.000003359643068,1.0
2026-09-12T18:10:00+00:00,1.0001718500219803,1.0
2026-09-12T18:15:00+00:00,0.999873801868907,1.0
2026-09-12T18:20:00+00:00,0.9995562232270679,1.0
2026-09-12T18:25:00+00:00,0.999906319173491,1.0
2026-09-12T18:30:00+00:00,0.9999970530518185,1.0
2026-09-12T18:35:00+00:00,0.999718394032434,1.0
2026-09-12T18:40:00+00:00,0.9998285915956141,1.0
2026-09-12T18:45:00+00:00,0.9998609991014304,1.0
2026-09-12T18:50:00+00:00,0.9998739617508342,1.0
2026-09-12T18:55:00+00:00,0.9997248942235285,1.0
2026-09-12T19:00:00+00:00,0.9996600721511008,1.0
2026-09-12T19:05:00+00:00,0.999802689075565,1.0
2026-09-12T19:10:00+00:00,0.9996730558978177,1.0
2026-09-12T19:15:00+00:00,0.9998610484865745,1.0
2026-09-12T19:20:00+00:00,0.999802716561377,1.0
2026-09-12T19:25:00+00:00,0.9997378999917315,1.0
2026-09-12T19:30:00+00:00,0.9996147396461448,1.0
2026-09-12T19:35:00+00:00,0.9997184657706635,1.0
2026-09-12T19:40:00+00:00,0.9992258116469629,1.0
2026-09-12T19:45:00+00:00,0.9992517533092408,1.0
2026-09-12T19:50:00+00:00,0.999537103765382,1.0
2026-09-12T19:55:00+00:00,0.999537103765382,1.0
2026-09-12T20:00:00+00:00,0.999582487760286,1.0
2026-09-12T20:05:00+00:00,0.9998353299663973,1.0
2026-09-12T20:10:00+00:00,0.9999260708883442,1.0
2026-09-12T20:15:00+00:00,0.9999455135232285,1.0
2026-09-12T20:20:00+00:00,0.9998936669869131,1.0
2026-09-12T20:25:00+00:00,0.9998936670289219,1.0
2026-09-12T20:30:00+00:00,1.0000297696319307,1.0
2026-09-12T20:35:00+00:00,0.9999131254130779,1.0
2026-09-12T20:40:00+00:00,0.9998288731257527,1.0
2026-09-12T20:45:00+00:00,0.9999779484675949,1.0
2026-09-12T20:50:00+00:00,1.0000751570249038,1.0
2026-09-12T20:55:00+00:00,0.9998289209184559,1.0
2026-09-12T21:00:00+00:00,0.9998224393815442,1.0
2026-09-12T21:05:00+00:00,1.0000817009000391,1.0
2026-09-12T21:10:00+00:00,1.0002501772258998,1.0
2026-09-12T21:15:00+00:00,0.9998549725524153,1.0
2026-09-12T21:20:00+00:00,0.9998614539220789,1.0
2026-09-12T21:25:00+00:00,0.9999003421820772,1.0
2026-09-12T21:30:00+00:00,1.0001660646009898,1.0
2026-09-12T21:35:00+00:00,1.0003021310380444,1.0
2026-09-12T21:40:00+00:00,1.0003474803484071,1.0
2026-09-12T21:45:00+00:00,1.0003086112730268,1.0
2026-09-12T21:50:00+00:00,1.0005223981521956,1.0
2026-09-12T21:55:00+00:00,1.000587168621805,1.0
2026-09-12T22:00:00+00:00,1.0004058230458437,1.0
2026-09-12T22:05:00+00:00,1.0005224227680174,1.0
2026-09-12T22:10:00+00:00,1.0004770834381753,1.0
2026-09-12T22:15:00+00:00,1.0004317420535656,1.0
2026-09-12T22:20:00+00:00,1.000502995610758,1.0
2026-09-12T22:25:00+00:00,1.0006843564531254,1.0
2026-09-12T22:30:00+00:00,1.000088568419489,1.0
2026-09-12T22:35:00+00:00,1.0000691290086752,1.0
2026-09-12T22:40:00+00:00,1.0000885688813343,1.0
2026-09-12T22:45:00+00:00,1.0000367300046413,1.0
2026-09-12T22:50:00+00:00,1.0001533735236476,1.0
2026-09-12T22:55:00+00:00,1.0003218389592687,1.0
2026-09-12T23:00:00+00:00,1.0002700125464246,1.0
2026-09-12T23:05:00+00:00,1.0003931075516603,1.0
2026-09-12T23:10:00+00:00,1.0005226645027634,1.0
2026-09-12T23:15:00+00:00,1.000522664544693,1.0
2026-09-12T23:20:00+00:00,1.000548572739435,1.0
2026-09-12T23:25:00+00:00,1.0003413139318655,1.0
2026-09-12T23:30:00+00:00,1.0004125743870855,1.0
2026-09-12T23:35:00+00:00,1.0004190521488694,1.0
2026-09-12T23:40:00+00:00,1.0003477972306252,1.0
2026-09-12T23:45:00+00:00,1.0003607535512378,1.0
2026-09-12T23:50:00+00:00,1.00048383740145,1.0
2026-09-12T23:55:00+00:00,1.0005745196086466,1.0
2026-09-13T00:00:00+00:00,1.0006004263369916,1.0
2026-09-13T00:05:00+00:00,1.0006198558906763,1.0
2026-09-13T00:10:00+00:00,1.000639285318604,1.0
2026-09-13T00:15:00+00:00,1.000574522836306,1.0
2026-09-13T00:20:00+00:00,1.0005680461227566,1.0
2026-09-13T00:25:00+00:00,1.000522709169832,1.0
2026-09-13T00:30:00+00:00,1.0005291862188064,1.0
2026-09-13T00:35:00+00:00,1.0005356632258509,1.0
2026-09-13T00:40:00+00:00,1.0004903244700405,1.0
2026-09-13T00:45:00+00:00,1.0001729387965477,1.0
2026-09-13T00:50:00+00:00,1.0003090044058525,1.0
2026-09-13T00:55:00+00:00,1.0005681401099091,1.0
2026-09-13T01:00:00+00:00,1.0005681401099091,1.0
2026-09-13T01:05:00+00:00,1.0005163260612517,1.0
2026-09-13T01:10:00+00:00,1.0005487117704077,1.0
2026-09-13T01:15:00+00:00,1.0005810961797736,1.0
2026-09-13T01:20:00+00:00,1.000717105458614,1.0
2026-09-13T01:25:00+00:00,1.0010085142594738,1.0
2026-09-13T01:30:00+00:00,1.0004647060355614,1.0
2026-09-13T01:35:00+00:00,1.0004258417595,1.0
2026-09-13T01:40:00+00:00,1.0006590382365161,1.0
2026-09-13T01:45:00+00:00,1.0007367518237762,1.0
2026-09-13T01:50:00+00:00,1.0007302761559675,1.0
2026-09-13T01:55:00+00:00,1.0007497032012982,1.0
2026-09-13T02:00:00+00:00,1.00083388529054,1.0
2026-09-13T02:05:00+00:00,1.0007561853626825,1.0
2026-09-13T02:10:00+00:00,1.0006396256040602,1.0
2026-09-13T02:15:00+00:00,1.0006396256040602,1.0
2026-09-13T02:20:00+00:00,1.000710864865986,1.0
2026-09-13T02:25:00+00:00,1.0006525827652526,1.0
2026-09-13T02:30:00+00:00,1.0005165832198244,1.0
2026-09-13T02:35:00+00:00,1.000587830825478,1.0
2026-09-13T02:40:00+00:00,1.0004842054261573,1.0
2026-09-13T02:45:00+00:00,1.0007432975420258,1.0
2026-09-13T02:50:00+00:00,1.000808053428499,1.0
2026-09-13T02:55:00+00:00,1.000782152473274,1.0
2026-09-13T03:00:00+00:00,1.0007433002234498,1.0
2026-09-13T03:05:00+00:00,1.0008015808608381,1.0
2026-09-13T03:10:00+00:00,1.0006461759250762,1.0
2026-09-13T03:15:00+00:00,1.000613794901048,1.0
2026-09-13T03:20:00+00:00,1.000613794901048,1.0
2026-09-13T03:25:00+00:00,1.0006073184363562,1.0
2026-09-13T03:30:00+00:00,1.000458359790355,1.0
2026-09-13T03:35:00+00:00,1.0002705143878203,1.0
2026-09-13T03:40:00+00:00,1.000127984222732,1.0
2026-09-13T03:45:00+00:00,1.0001927803344406,1.0
2026-09-13T03:50:00+00:00,1.0001020722840548,1.0
2026-09-13T03:55:00+00:00,1.0001733498546133,1.0
2026-09-13T04:00:00+00:00,1.0000243265619737,1.0
2026-09-13T04:05:00+00:00,1.00017337214931,1.0
2026-09-13T04:10:00+00:00,1.00027056132472,1.0
2026-09-13T04:15:00+00:00,1.000115072811748,1.0
2026-09-13T04:20:00+00:00,1.0004066572595058,1.0
2026-09-13T04:25:00+00:00,1.0003418796473063,1.0
2026-09-13T04:30:00+00:00,1.0002835756055177,1.0
2026-09-13T04:35:00+00:00,1.0002835756055177,1.0
2026-09-13T04:40:00+00:00,1.000154003515775,1.0
2026-09-13T04:45:00+00:00,1.0001734417635615,1.0
2026-09-13T04:50:00+00:00,1.0001799210815487,1.0
2026-09-13T04:55:00+00:00,1.0001799210815487,1.0
2026-09-13T05:00:00+00:00,1.0001604832535087,1.0
2026-09-13T05:05:00+00:00,1.0002123181751905,1.0
2026-09-13T05:10:00+00:00,1.0002835874833087,1.0
2026-09-13T05:15:00+00:00,1.0002900660878729,1.0
2026-09-13T05:20:00+00:00,1.0003354163617835,1.0
2026-09-13T05:25:00+00:00,1.0004261115812108,1.0
2026-09-13T05:30:00+00:00,1.0005556652144945,1.0
2026-09-13T05:35:00+00:00,1.0006916780796455,1.0
2026-09-13T05:40:00+00:00,1.000730534149905,1.0
2026-09-13T05:45:00+00:00,1.0007758641295803,1.0
2026-09-13T05:50:00+00:00,1.0007888149238404,1.0
2026-09-13T05:55:00+00:00,1.0008535678896127,1.0
2026-09-13T06:00:00+00:00,1.0008341431435126,1.0
2026-09-13T06:05:00+00:00,1.000834143185403,1.0
2026-09-13T06:10:00+00:00,1.000827668228146,1.0
2026-09-13T06:15:00+00:00,1.0008211932289985,1.0
2026-09-13T06:20:00+00:00,1.000756442441578,1.0
2026-09-13T06:25:00+00:00,1.0006657854567564,1.0
2026-09-13T06:30:00+00:00,1.0006657854986682,1.0
2026-09-13T06:35:00+00:00,1.00066578554058,1.0
2026-09-13T06:40:00+00:00,1.0005815964304077,1.0
2026-09-13T06:45:00+00:00,1.000717606615695,1.0
2026-09-13T06:50:00+00:00,1.0003873432320567,1.0
2026-09-13T06:55:00+00:00,0.9996294249573812,1.0
2026-09-13T07:00:00+00:00,0.9994868022735952,1.0
2026-09-13T07:05:00+00:00,0.9997526353444965,1.0
2026-09-13T07:10:00+00:00,0.9998563475281657,1.0
2026-09-13T07:15:00+00:00,0.9998563475701793,1.0
2026-09-13T07:20:00+00:00,0.9998563476121929,1.0
2026-09-13T07:25:00+00:00,0.999817459634825,1.0
2026-09-13T07:30:00+00:00,0.999668383137525,1.0
2026-09-13T07:35:00+00:00,0.9995970750703408,1.0
2026-09-13T07:40:00+00:00,0.999473897773006,1.0
2026-09-13T07:45:00+00:00,0.9998110562960598,1.0
2026-09-13T07:50:00+00:00,0.9998175379692719,1.0
2026-09-13T07:55:00+00:00,0.9995517894095889,1.0
2026-09-13T08:00:00+00:00,0.9996036559543077,1.0
2026-09-13T08:05:00+00:00,0.9998305631153716,1.0
2026-09-13T08:10:00+00:00,0.9995129693859088,1.0
2026-09-13T08:15:00+00:00,0.9991823075780765,1.0
2026-09-13T08:20:00+00:00,0.9987866791871411,1.0
2026-09-13T08:25:00+00:00,0.9989553756172086,1.0
2026-09-13T08:30:00+00:00,0.9989813244056924,1.0
2026-09-13T08:35:00+00:00,0.9981444991145065,1.0
2026-09-13T08:40:00+00:00,0.9976186063330974,1.0
2026-09-13T08:45:00+00:00,0.9975341592718227,1.0
2026-09-13T08:50:00+00:00,0.9978329972485501,1.0
2026-09-13T08:55:00+00:00,0.9975602268740144,1.0
2026-09-13T09:00:00+00:00,0.997462782238091,1.0
2026-09-13T09:05:00+00:00,0.9976057141122455,1.0
2026-09-13T09:10:00+00:00,0.9977291383599479,1.0
2026-09-13T09:15:00+00:00,0.9975472724926602,1.0
2026-09-13T09:20:00+00:00,0.9972354455843435,1.0
2026-09-13T09:25:00+00:00,0.9968715314034549,1.0
2026-09-13T09:30:00+00:00,0.9963904754530533,1.0
2026-09-13T09:35:00+00:00,0.9960912942504864,1.0
2026-09-13T09:40:00+00:00,0.9969045362627822,1.0
2026-09-13T09:45:00+00:00,0.9968785339013158,1.0
2026-09-13T09:50:00+00:00,0.9972230719732937,1.0
2026-09-13T09:55:00+00:00,0.997392032296326,1.0
2026-09-13T10:00:00+00:00,0.9974829960922178,1.0
2026-09-13T10:05:00+00:00,0.9973205755540809,1.0
2026-09-13T10:10:00+00:00,0.9974050479908313,1.0
2026-09-13T10:15:00+00:00,0.9973790586729239,1.0
2026-09-13T10:20:00+00:00,0.9972556061959869,1.0
2026-09-13T10:25:00+00:00,0.9970346638863202,1.0
2026-09-13T10:30:00+00:00,0.9971321594465894,1.0
2026-09-13T10:35:00+00:00,0.9973921221186003,1.0
2026-09-13T10:40:00+00:00,0.997236183195214,1.0
2026-09-13T10:45:00+00:00,0.9966513244293785,1.0
2026-09-13T10:50:00+00:00,0.997054463706474,1.0
2026-09-13T10:55:00+00:00,0.9966124868156112,1.0
2026-09-13T11:00:00+00:00,0.9966124868156112,1.0
2026-09-13T11:05:00+00:00,0.9966775118366086,1.0
2026-09-13T11:10:00+00:00,0.9961313372936348,1.0
2026-09-13T11:15:00+00:00,0.9955458292517557,1.0
2026-09-13T11:20:00+00:00,0.996131678061712,1.0
2026-09-13T11:25:00+00:00,0.9964764773598824,1.0
2026-09-13T11:30:00+00:00,0.99652200113776,1.0
2026-09-13T11:35:00+00:00,0.9967235972303432,1.0
2026-09-13T11:40:00+00:00,0.9971397142091054,1.0
2026-09-13T11:45:00+00:00,0.9972177030805663,1.0
2026-09-13T11:50:00+00:00,0.9972242016449583,1.0
2026-09-13T11:55:00+00:00,0.9973086819233488,1.0
2026-09-13T12:00:00+00:00,0.997282690036929,1.0
2026-09-13T12:05:00+00:00,0.9971137383718632,1.0
2026-09-13T12:10:00+00:00,0.9971852300360665,1.0
2026-09-13T12:15:00+00:00,0.9973866921007627,1.0
2026-09-13T12:20:00+00:00,0.9976465906550939,1.0
2026-09-13T12:25:00+00:00,0.9977115483714352,1.0
2026-09-13T12:30:00+00:00,0.9976660812685181,1.0
2026-09-13T12:35:00+00:00,0.9973867704039441,1.0
2026-09-13T12:40:00+00:00,0.9973282932246287,1.0
2026-09-13T12:45:00+00:00,0.9969514181936355,1.0
2026-09-13T12:50:00+00:00,0.996808411535226,1.0
2026-09-13T12:55:00+00:00,0.997074962184646,1.0
2026-09-13T13:00:00+00:00,0.9971399571628862,1.0
2026-09-13T13:05:00+00:00,0.996743513636366,1.0
2026-09-13T13:10:00+00:00,0.996997078382898,1.0
2026-09-13T13:15:00+00:00,0.9971725797593055,1.0
2026-09-13T13:20:00+00:00,0.9967891468273995,1.0
2026-09-13T13:25:00+00:00,0.9964965835762191,1.0
2026-09-13T13:30:00+00:00,0.9959503050876781,1.0
2026-09-13T13:35:00+00:00,0.9965424277423082,1.0
2026-09-13T13:40:00+00:00,0.996841564750453,1.0
2026-09-13T13:45:00+00:00,0.9971991212672612,1.0
2026-09-13T13:50:00+00:00,0.9976930190933393,1.0
2026-09-13T13:55:00+00:00,0.9978489096847798,1.0
2026-09-13T14:00:00+00:00,0.9977255148076986,1.0
2026-09-13T14:05:00+00:00,0.9978424289583181,1.0
2026-09-13T14:10:00+00:00,0.9985373370021694,1.0
2026-09-13T14:15:00+00:00,0.998829386685417,1.0
2026-09-13T14:20:00+00:00,0.9991797416300503,1.0
2026-09-13T14:25:00+00:00,0.9992705425859897,1.0
2026-09-13T14:30:00+00:00,0.9995558909999224,1.0
2026-09-13T14:35:00+00:00,0.9994780904220484,1.0
2026-09-13T14:40:00+00:00,1.000087579721143,1.0
2026-09-13T14:45:00+00:00,0.9999644609153253,1.0
2026-09-13T14:50:00+00:00,1.0001199985571738,1.0
2026-09-13T14:55:00+00:00,1.0000875999203918,1.0
2026-09-13T15:00:00+00:00,1.000204238077666,1.0
2026-09-13T15:05:00+00:00,0.9996081572641308,1.0
2026-09-13T15:10:00+00:00,0.9995173952271549,1.0
2026-09-13T15:15:00+00:00,0.9994914608916389,1.0
2026-09-13T15:20:00+00:00,0.9988625318365083,1.0
2026-09-13T15:25:00+00:00,0.9999330336470869,1.0
2026-09-13T15:30:00+00:00,0.998947935457068,1.0
2026-09-13T15:35:00+00:00,0.9994539454285343,1.0
2026-09-13T15:40:00+00:00,0.9992464567021666,1.0
2026-09-13T15:45:00+00:00,0.9998171730252136,1.0
2026-09-13T15:50:00+00:00,0.9996227204206258,1.0
2026-09-13T15:55:00+00:00,0.9996292033945832,1.0
2026-09-13T16:00:00+00:00,0.9995838228711921,1.0
2026-09-13T16:05:00+00:00,0.999752385702403,1.0
2026-09-13T16:10:00+00:00,0.9997912785023032,1.0
2026-09-13T16:15:00+00:00,1.0001024175396034,1.0
2026-09-13T16:20:00+00:00,1.000225534981182,1.0
2026-09-13T16:25:00+00:00,1.0004846960580118,1.0
2026-09-13T16:30:00+00:00,1.0003875352088434,1.0
2026-09-13T16:35:00+00:00,1.0003162775020022,1.0
2026-09-13T16:40:00+00:00,1.000458803194389,1.0
2026-09-13T16:45:00+00:00,1.0008280216407701,1.0
2026-09-13T16:50:00+00:00,1.0003877101486272,1.0
2026-09-13T16:55:00+00:00,1.0006921771000672,1.0
2026-09-13T17:00:00+00:00,1.0006533205913288,1.0
2026-09-13T17:05:00+00:00,1.0009253235292612,1.0
2026-09-13T17:10:00+00:00,1.0010483390706588,1.0
2026-09-13T17:15:00+00:00,1.0012101827283544,1.0
2026-09-13T17:20:00+00:00,1.001119564928234,1.0
2026-09-13T17:25:00+00:00,1.0008347422300643,1.0
2026-09-13T17:30:00+00:00,1.0007635158143937,1.0
2026-09-13T17:35:00+00:00,1.0003749804396858,1.0
2026-09-13T17:40:00+00:00,1.0005628455023232,1.0
2026-09-13T17:45:00+00:00,1.000595229782176,1.0
2026-09-13T17:50:00+00:00,1.0009967865765903,1.0
2026-09-13T17:55:00+00:00,1.0009708901197631,1.0
2026-09-13T18:00:00+00:00,1.0009644158694648,1.0
2026-09-13T18:05:00+00:00,1.0008543529025051,1.0
2026-09-13T18:10:00+00:00,1.0008219781327214,1.0
2026-09-13T18:15:00+00:00,1.0011522119361678,1.0
2026-09-13T18:20:00+00:00,1.0010810080727524,1.0
2026-09-13T18:25:00+00:00,1.0011327963842367,1.0
2026-09-13T18:30:00+00:00,1.0009644920318064,1.0
2026-09-13T18:35:00+00:00,1.0010875028387147,1.0
2026-09-13T18:40:00+00:00,1.0012299197773766,1.0
2026-09-13T18:45:00+00:00,1.0012363923539163,1.0
2026-09-13T18:50:00+00:00,1.0012816998457499,1.0
2026-09-13T18:55:00+00:00,1.0012428661855834,1.0
2026-09-13T19:00:00+00:00,1.0010551651477333,1.0
2026-09-13T19:05:00+00:00,1.0012752697947416,1.0
2026-09-13T19:10:00+00:00,1.0009451833138976,1.0
2026-09-13T19:15:00+00:00,1.000621462361985,1.0
2026-09-13T19:20:00+00:00,1.000375354817844,1.0
2026-09-13T19:25:00+00:00,1.0005308284457843,1.0
2026-09-13T19:30:00+00:00,1.0005891220241667,1.0
2026-09-13T19:35:00+00:00,1.0003753901254884,1.0
2026-09-13T19:40:00+00:00,1.0003041305151086,1.0
2026-09-13T19:45:00+00:00,1.0003818733524177,1.0
2026-09-13T19:50:00+00:00,1.000427219565138,1.0
2026-09-13T19:55:00+00:00,1.0006021194286985,1.0
2026-09-13T20:00:00+00:00,1.0006604091944813,1.0
2026-09-13T20:05:00+00:00,1.0005697421357027,1.0
2026-09-13T20:10:00+00:00,1.0006604180399379,1.0
2026-09-13T20:15:00+00:00,1.0007187048301278,1.0
2026-09-13T20:20:00+00:00,1.0008482225554667,1.0
2026-09-13T20:25:00+00:00,1.0008287974104342,1.0
2026-09-13T20:30:00+00:00,1.0009000248273916,1.0
2026-09-13T20:35:00+00:00,1.0011136917892278,1.0
2026-09-13T20:40:00+00:00,1.0007770785415941,1.0
2026-09-13T20:45:00+00:00,1.000893637004541,1.0
2026-09-13T20:50:00+00:00,1.0009778083261844,1.0
2026-09-13T20:55:00+00:00,1.0011008183407901,1.0
2026-09-13T21:00:00+00:00,1.0010555044296605,1.0
2026-09-13T21:05:00+00:00,1.0009066101293456,1.0
2026-09-13T21:10:00+00:00,1.0010749580962153,1.0
2026-09-13T21:15:00+00:00,1.0011720612631996,1.0
2026-09-13T21:20:00+00:00,1.0013533028934307,1.0
2026-09-13T21:25:00+00:00,1.0016704203258064,1.0
2026-09-13T21:30:00+00:00,1.0014763295385218,1.0
2026-09-13T21:35:00+00:00,1.0013727936950918,1.0
2026-09-13T21:40:00+00:00,1.0011851168288333,1.0
2026-09-13T21:45:00+00:00,1.0013469376427628,1.0
2026-09-13T21:50:00+00:00,1.001133366018171,1.0
2026-09-13T21:55:00+00:00,1.0010039010676808,1.0
2026-09-13T22:00:00+00:00,1.0008614711967718,1.0
2026-09-13T22:05:00+00:00,0.9993787135034917,1.0
2026-09-13T22:10:00+00:00,0.998516263343249,1.0
2026-09-13T22:15:00+00:00,0.9983799702087169,1.0
2026-09-13T22:20:00+00:00,0.9976010356352646,1.0
2026-09-13T22:25:00+00:00,0.9974191393244392,1.0
2026-09-13T22:30:00+00:00,0.9977959716441943,1.0
2026-09-13T22:35:00+00:00,0.9978674158706876,1.0
2026-09-13T22:40:00+00:00,0.9976595958707212,1.0
2026-09-13T22:45:00+00:00,0.9970814759937751,1.0
2026-09-13T22:50:00+00:00,0.9972959608231698,1.0
2026-09-13T22:55:00+00:00,0.9972829646646839,1.0
2026-09-13T23:00:00+00:00,0.9970360320221007,1.0
2026-09-13T23:05:00+00:00,0.9972635263251424,1.0
2026-09-13T23:10:00+00:00,0.9969061191805043,1.0
2026-09-13T23:15:00+00:00,0.997075135942921,1.0
2026-09-13T23:20:00+00:00,0.9965486696638225,1.0
2026-09-13T23:25:00+00:00,0.9971079330043849,1.0
2026-09-13T23:30:00+00:00,0.9971664273687083,1.0
2026-09-13T23:35:00+00:00,0.9978358192839967,1.0
2026-09-13T23:40:00+00:00,0.997485102491759,1.0
2026-09-13T23:45:00+00:00,0.9976930068053993,1.0
2026-09-13T23:50:00+00:00,0.997667024540059,1.0
2026-09-13T23:55:00+00:00,0.9976995030484064,1.0
2026-09-14T00:00:00+00:00,0.9977709533900719,1.0
2026-09-14T00:05:00+00:00,0.9978618836655099,1.0
2026-09-14T00:10:00+00:00,0.9986347252524892,1.0
2026-09-14T00:15:00+00:00,0.9981869565029786,1.0
2026-09-14T00:20:00+00:00,0.9981674795998615,1.0
2026-09-14T00:25:00+00:00,0.9972065919635567,1.0
2026-09-14T00:30:00+00:00,0.9954714154927248,1.0
2026-09-14T00:35:00+00:00,0.9968711228896014,1.0
2026-09-14T00:40:00+00:00,0.9971311598747797,1.0
2026-09-14T00:45:00+00:00,0.9975276154075742,1.0
2026-09-14T00:50:00+00:00,0.9972872395224917,1.0
2026-09-14T00:55:00+00:00,0.9976771348399566,1.0
2026-09-14T01:00:00+00:00,0.997579699088784,1.0
2026-09-14T01:05:00+00:00,0.997501742873695,1.0
2026-09-14T01:10:00+00:00,0.9977291329385695,1.0
2026-09-14T01:15:00+00:00,0.997228988782506,1.0
2026-09-14T01:20:00+00:00,0.9968715636959445,1.0
2026-09-14T01:25:00+00:00,0.9973591332216567,1.0
2026-09-14T01:30:00+00:00,0.9978919521889265,1.0
2026-09-14T01:35:00+00:00,0.9965605816475376,1.0
2026-09-14T01:40:00+00:00,0.9977701498207072,1.0
2026-09-14T01:45:00+00:00,0.9976792173353515,1.0
2026-09-14T01:50:00+00:00,0.997965031371906,1.0
2026-09-14T01:55:00+00:00,0.9983546715889297,1.0
2026-09-14T02:00:00+00:00,0.9996010002610566,1.0
2026-09-14T02:05:00+00:00,0.9991277197236439,1.0
2026-09-14T02:10:00+00:00,1.0003082310650817,1.0
2026-09-14T02:15:00+00:00,1.0013448199055637,1.0
2026-09-14T02:20:00+00:00,1.0009047224302412,1.0
2026-09-14T02:25:00+00:00,1.0016557975945943,1.0
2026-09-14T02:30:00+00:00,1.0023480805920497,1.0
2026-09-14T02:35:00+00:00,1.0027424767277404,1.0
2026-09-14T02:40:00+00:00,1.0017794882676232,1.0
2026-09-14T02:45:00+00:00,1.0019347498007458,1.0
2026-09-14T02:50:00+00:00,1.0024651444137909,1.0
2026-09-14T02:55:00+00:00,1.0031051560817061,1.0
2026-09-14T03:00:00+00:00,1.0027239757763495,1.0
2026-09-14T03:05:00+00:00,1.0029501842454829,1.0
2026-09-14T03:10:00+00:00,1.0041132872937282,1.0
2026-09-14T03:15:00+00:00,1.0039583873162572,1.0
2026-09-14T03:20:00+00:00,1.0038551047292177,1.0
2026-09-14T03:25:00+00:00,1.0039583973209214,1.0
2026-09-14T03:30:00+00:00,1.0041972398830334,1.0
2026-09-14T03:35:00+00:00,1.0031259309880147,1.0
2026-09-14T03:40:00+00:00,1.002712457299709,1.0
2026-09-14T03:45:00+00:00,1.0023763713411704,1.0
2026-09-14T03:50:00+00:00,1.0023957674189965,1.0
2026-09-14T03:55:00+00:00,1.002441024058221,1.0
2026-09-14T04:00:00+00:00,1.0027125516350661,1.0
2026-09-14T04:05:00+00:00,1.002382928837027,1.0
2026-09-14T04:10:00+00:00,1.0027773132453026,1.0
2026-09-14T04:15:00+00:00,1.002583428745101,1.0
2026-09-14T04:20:00+00:00,1.0023959719783693,1.0
2026-09-14T04:25:00+00:00,1.0032364472134803,1.0
2026-09-14T04:30:00+00:00,1.0029328335900403,1.0
2026-09-14T04:35:00+00:00,1.0026872844194628,1.0
2026-09-14T04:40:00+00:00,1.0027971623326033,1.0
2026-09-14T04:45:00+00:00,1.0029522670801312,1.0
2026-09-14T04:50:00+00:00,1.0032882710252657,1.0
2026-09-14T04:55:00+00:00,1.0029846749092588,1.0
2026-09-14T05:00:00+00:00,1.003223750054594,1.0
2026-09-14T05:05:00+00:00,1.0027715536074384,1.0
2026-09-14T05:10:00+00:00,1.0026552220926515,1.0
2026-09-14T05:15:00+00:00,1.0029719392290413,1.0
2026-09-14T05:20:00+00:00,1.0025196291080696,1.0
2026-09-14T05:25:00+00:00,1.002273980058495,1.0
2026-09-14T05:30:00+00:00,1.002196387657164,1.0
2026-09-14T05:35:00+00:00,1.002215787176012,1.0
2026-09-14T05:40:00+00:00,1.002804230388603,1.0
2026-09-14T05:45:00+00:00,1.0024100107710627,1.0
2026-09-14T05:50:00+00:00,1.0021126115693226,1.0
2026-09-14T05:55:00+00:00,1.002248420217216,1.0
2026-09-14T06:00:00+00:00,1.0027592469429794,1.0
2026-09-14T06:05:00+00:00,1.0035348011700498,1.0
2026-09-14T06:10:00+00:00,1.003786660016131,1.0
2026-09-14T06:15:00+00:00,1.003818941512073,1.0
2026-09-14T06:20:00+00:00,1.0035994549494802,1.0
2026-09-14T06:25:00+00:00,1.0031280541596157,1.0
2026-09-14T06:30:00+00:00,1.002475539614178,1.0
2026-09-14T06:35:00+00:00,1.0018161353203157,1.0
2026-09-14T06:40:00+00:00,1.0021331166111946,1.0
2026-09-14T06:45:00+00:00,1.0035817157395028,1.0
2026-09-14T06:50:00+00:00,1.0031813395713223,1.0
2026-09-14T06:55:00+00:00,1.0028066469545047,1.0
2026-09-14T07:00:00+00:00,1.0026515437803931,1.0
2026-09-14T07:05:00+00:00,1.0034594977970546,1.0
2026-09-14T07:10:00+00:00,1.0029169860583134,1.0
2026-09-14T07:15:00+00:00,1.0031431535186368,1.0
2026-09-14T07:20:00+00:00,1.003472639696479,1.0
2026-09-14T07:25:00+00:00,1.0035565967543734,1.0
2026-09-14T07:30:00+00:00,1.0033951515032256,1.0
2026-09-14T07:35:00+00:00,1.003278892216399,1.0
2026-09-14T07:40:00+00:00,1.0038344176273715,1.0
2026-09-14T07:45:00+00:00,1.0043767272580175,1.0
2026-09-14T07:50:00+00:00,1.004254128232184,1.0
2026-09-14T07:55:00+00:00,1.0043315677221727,1.0
2026-09-14T08:00:00+00:00,1.0045445111547604,1.0
2026-09-14T08:05:00+00:00,1.0034542208315245,1.0
2026-09-14T08:10:00+00:00,1.0040548595812018,1.0
2026-09-14T08:15:00+00:00,1.0038805860046014,1.0
2026-09-14T08:20:00+00:00,1.003538429590143,1.0
2026-09-14T08:25:00+00:00,1.0045200004451003,1.0
2026-09-14T08:30:00+00:00,1.0037135671041781,1.0
2026-09-14T08:35:00+00:00,1.0035134055050772,1.0
2026-09-14T08:40:00+00:00,1.0037781899213125,1.0
2026-09-14T08:45:00+00:00,1.0037071699006448,1.0
2026-09-14T08:50:00+00:00,1.0031647930140226,1.0
2026-09-14T08:55:00+00:00,1.0031777136936062,1.0
2026-09-14T09:00:00+00:00,1.0036363933880514,1.0
2026-09-14T09:05:00+00:00,1.0037138818434383,1.0
2026-09-14T09:10:00+00:00,1.0040625528292835,1.0
2026-09-14T09:15:00+00:00,1.0034170900803718,1.0
2026-09-14T09:20:00+00:00,1.003197492885102,1.0
2026-09-14T09:25:00+00:00,1.0028615670222247,1.0
2026-09-14T09:30:00+00:00,1.0039278497961777,1.0
2026-09-14T09:35:00+00:00,1.00430226912387,1.0
2026-09-14T09:40:00+00:00,1.0040635044978894,1.0
2026-09-14T09:45:00+00:00,1.0045669659930885,1.0
2026-09-14T09:50:00+00:00,1.005308877121545,1.0
2026-09-14T09:55:00+00:00,1.00715260524739,1.0
2026-09-14T10:00:00+00:00,1.006097301217588,1.0
2026-09-14T10:05:00+00:00,1.0059878040285275,0.9998911568110227
2026-09-14T10:10:00+00:00,1.0057107878002107,0.9996158194004917
2026-09-14T10:15:00+00:00,1.0055303531432014,0.9994364782422755
2026-09-14T10:20:00+00:00,1.0053047693323405,0.9992122615502875
2026-09-14T10:25:00+00:00,1.005098476270698,0.9990072186986528
2026-09-14T10:30:00+00:00,1.0051049243350332,0.9990136276854034
2026-09-14T10:35:00+00:00,1.0049179329098963,0.9988277694954281
2026-09-14T10:40:00+00:00,1.0048598906475958,0.9987700789900729
2026-09-14T10:45:00+00:00,1.0049501844475819,0.9988598255772178
2026-09-14T10:50:00+00:00,1.0054145076500065,0.9993213348143549
2026-09-14T10:55:00+00:00,1.0046667766985307,0.9985781353808622
2026-09-14T11:00:00+00:00,1.0046345229110107,0.998546077062873
2026-09-14T11:05:00+00:00,1.0040539398653576,0.9979690125588917
2026-09-14T11:10:00+00:00,1.0039442100160596,0.9978599477118708
2026-09-14T11:15:00+00:00,1.0037570021788422,0.9976738744213501
2026-09-14T11:20:00+00:00,1.0039313305617192,0.9978471463116472
2026-09-14T11:25:00+00:00,1.0044542283158548,0.9983668751176852
2026-09-14T11:30:00+00:00,1.0047316697771889,0.9986426351841688
2026-09-14T11:35:00+00:00,1.0035706001129105,0.9974886020188518
2026-09-14T11:40:00+00:00,1.0039451535015398,0.9978608854794904
2026-09-14T11:45:00+00:00,1.004151726578392,0.9980662066493421
2026-09-14T11:50:00+00:00,1.0040355539099142,0.9979507380289384
2026-09-14T11:55:00+00:00,1.0034094316299702,0.9973284102747737
2026-09-14T12:00:00+00:00,1.0039003017227632,0.9978163055185939
2026-09-14T12:05:00+00:00,1.00410688553751,0.9980216373612647
2026-09-14T12:10:00+00:00,1.004074613504049,0.9979895609079115
2026-09-14T12:15:00+00:00,1.004216610302102,0.9981306971543947
2026-09-14T12:20:00+00:00,1.0048232590673958,0.9987336694103988
2026-09-14T12:25:00+00:00,1.0050941513739626,0.9990029200123443
2026-09-14T12:30:00+00:00,1.0052553522886918,0.9991631439916631
2026-09-14T12:35:00+00:00,1.0054423153687193,0.9993489740083105
2026-09-14T12:40:00+00:00,1.0047074890253942,0.9986186009764105
2026-09-14T12:45:00+00:00,1.0046945879401799,0.9986057780764037
2026-09-14T12:50:00+00:00,1.0039462904548941,0.9978620155424993
2026-09-14T12:55:00+00:00,1.002977978060551,0.9968995714688665
2026-09-14T13:00:00+00:00,1.0033462923547751,0.9972656536462517
2026-09-14T13:05:00+00:00,1.002919979665374,0.9968419245647844
2026-09-14T13:10:00+00:00,1.002622726285491,0.9965464726470901
2026-09-14T13:15:00+00:00,1.0034113277464336,0.9973302949000907
2026-09-14T13:20:00+00:00,1.0038376104801263,0.9977539942073922
2026-09-14T13:25:00+00:00,1.003876347251687,0.9977924962202116
2026-09-14T13:30:00+00:00,1.004463836103945,0.9983764246791309
2026-09-14T13:35:00+00:00,1.0065091668326254,1.0004093599693717
2026-09-14T13:40:00+00:00,1.0058845817718964,0.9997885601183217
2026-09-14T13:45:00+00:00,1.0063227101099357,1.000224033241355
2026-09-14T13:50:00+00:00,1.0081517320333897,1.0020419706353787
2026-09-14T13:55:00+00:00,1.0068724495595678,1.0007704410725793
2026-09-14T14:00:00+00:00,1.0064991190258044,1.0003993730558671
2026-09-14T14:05:00+00:00,1.008128206444879,1.0020185876203798
2026-09-14T14:10:00+00:00,1.0073503347437491,1.0012454301009956
2026-09-14T14:15:00+00:00,1.0086885445974074,1.002575529922556
2026-09-14T14:20:00+00:00,1.009594500372775,1.0034759952807089
2026-09-14T14:25:00+00:00,1.0072385894711426,1.001134362044855
2026-09-14T14:30:00+00:00,1.007914208502269,1.001805886582122
2026-09-14T14:35:00+00:00,1.0091938096933015,1.003077732930591
2026-09-14T14:40:00+00:00,1.008191975511635,1.0020819702236996
2026-09-14T14:45:00+00:00,1.0080955494839072,1.0019861285723144
2026-09-14T14:50:00+00:00,1.0091949113558092,1.0030788279166285
2026-09-14T14:55:00+00:00,1.0090279359900245,1.0029128644815004
2026-09-14T15:00:00+00:00,1.0087131889329428,1.0026000249045712
2026-09-14T15:05:00+00:00,1.0073960542277278,1.001290872508489
2026-09-14T15:10:00+00:00,1.0085540916910987,1.0024418918491247
2026-09-14T15:15:00+00:00,1.008547665569428,1.0024355046720583
2026-09-14T15:20:00+00:00,1.0090424832846383,1.0029273236142868
2026-09-14T15:25:00+00:00,1.0085928723804263,1.0024804375135536
2026-09-14T15:30:00+00:00,1.0080016916552705,1.0018928395558118
2026-09-14T15:35:00+00:00,1.0087475356632722,1.0026341634813853
2026-09-14T15:40:00+00:00,1.0081949944351214,1.002084970851426
2026-09-14T15:45:00+00:00,1.008934267616105,1.002819763771552
2026-09-14T15:50:00+00:00,1.00887645418713,1.00276230071271
2026-09-14T15:55:00+00:00,1.0091334174855744,1.0030177067213222
2026-09-14T16:00:00+00:00,1.0090499262459691,1.0029347214686004
2026-09-14T16:05:00+00:00,1.008414051372014,1.002302700224645
2026-09-14T16:10:00+00:00,1.008407624340801,1.0022963121435484
2026-09-14T16:15:00+00:00,1.0081633955981308,1.002053563514731
2026-09-14T16:20:00+00:00,1.010175543847859,1.0040535174237535
2026-09-14T16:25:00+00:00,1.0108492080720828,1.0047230990009495
2026-09-14T16:30:00+00:00,1.0096502431988779,1.0035314002852753
2026-09-14T16:35:00+00:00,1.0096566623985725,1.0035377805823156
2026-09-14T16:40:00+00:00,1.0097080153839602,1.0035888223501772
2026-09-14T16:45:00+00:00,1.0094641013432917,1.0033463865161545
2026-09-14T16:50:00+00:00,1.0108123819376011,1.0046864960460626
2026-09-14T16:55:00+00:00,1.010754675862548,1.0046291396905396
2026-09-14T17:00:00+00:00,1.0103122314758866,1.0041893766756878
2026-09-14T17:05:00+00:00,1.0106009067763235,1.0044763025001766
2026-09-14T17:10:00+00:00,1.0105303618538415,1.0044061851052488
2026-09-14T17:15:00+00:00,1.010697116038966,1.0045719287001507
2026-09-14T17:20:00+00:00,1.010703528684839,1.0045783024830879
2026-09-14T17:25:00+00:00,1.0113768436854855,1.0052475369531269
2026-09-14T17:30:00+00:00,1.0110756537116108,1.0049481722986138
2026-09-14T17:35:00+00:00,1.010011572762953,1.003890540062484
2026-09-14T17:40:00+00:00,1.010595513175928,1.004470941586936
2026-09-14T17:45:00+00:00,1.0108584552754345,1.0047322901629294
2026-09-14T17:50:00+00:00,1.0116406599649308,1.005509754411215
2026-09-14T17:55:00+00:00,1.0119033305857974,1.0057708331538269
2026-09-14T18:00:00+00:00,1.0114998332803955,1.0053697811869413
2026-09-14T18:05:00+00:00,1.0115510932331784,1.0054207304860092
2026-09-14T18:10:00+00:00,1.0115510932331784,1.0054207304860092
2026-09-14T18:15:00+00:00,1.01083989742788,1.004713844782593
2026-09-14T18:20:00+00:00,1.0122889372158912,1.0061541028693188
2026-09-14T18:25:00+00:00,1.0131788925542455,1.0070386647588505
2026-09-14T18:30:00+00:00,1.0127439008675359,1.0066063092779138
2026-09-14T18:35:00+00:00,1.0131982786099807,1.0070579333281289
2026-09-14T18:40:00+00:00,1.012437057399416,1.00630132539136
2026-09-14T18:45:00+00:00,1.0129299798257836,1.0067912605308769
2026-09-14T18:50:00+00:00,1.013448256402873,1.0073063961658604
2026-09-14T18:55:00+00:00,1.012994199699676,1.0068550912092802
2026-09-14T19:00:00+00:00,1.013218130902355,1.007077665308485
2026-09-14T19:05:00+00:00,1.0121946653223326,1.0060604022972768
2026-09-14T19:10:00+00:00,1.0119193288457584,1.0057867344585896
2026-09-14T19:15:00+00:00,1.0123228360975007,1.006187796311537
2026-09-14T19:20:00+00:00,1.013155138357159,1.0070150545207257
2026-09-14T19:25:00+00:00,1.013167932496981,1.0070277711234674
2026-09-14T19:30:00+00:00,1.0127009552792348,1.0065636239552942
2026-09-14T19:35:00+00:00,1.0126881555199452,1.0065509017671406
2026-09-14T19:40:00+00:00,1.0115682033338493,1.0054377368933278
2026-09-14T19:45:00+00:00,1.0126510058468872,1.0054377368933278
2026-09-14T19:50:00+00:00,1.012324591984555,1.0054377368933278
2026-09-14T19:55:00+00:00,1.0121901429247915,1.0054377368933278
2026-09-14T20:00:00+00:00,1.011665078333174,1.0054377368933278
2026-09-14T20:05:00+00:00,1.011889296750956,1.0054377368933278
2026-09-14T20:10:00+00:00,1.0120302079308583,1.0054377368933278
2026-09-14T20:15:00+00:00,1.0130100568675697,1.0054377368933278
2026-09-14T20:20:00+00:00,1.0143408518365582,1.0054377368933278
2026-09-14T20:25:00+00:00,1.0146539456785308,1.0054377368933278
2026-09-14T20:30:00+00:00,1.0146347826236695,1.0054377368933278
2026-09-14T20:35:00+00:00,1.014756150420634,1.0054377368933278
2026-09-14T20:40:00+00:00,1.0142132507787591,1.0054377368933278
2026-09-14T20:45:00+00:00,1.0139512429197859,1.0054377368933278
2026-09-14T20:50:00+00:00,1.013395131323112,1.0054377368933278
2026-09-14T20:55:00+00:00,1.0133695488141357,1.0054377368933278
2026-09-14T21:00:00+00:00,1.012429372324804,1.0054377368933278
2026-09-14T21:05:00+00:00,1.0111682288464752,1.0054377368933278
2026-09-14T21:10:00+00:00,1.0116938274086664,1.0054377368933278
2026-09-14T21:15:00+00:00,1.0109955041960226,1.0054377368933278
2026-09-14T21:20:00+00:00,1.0112519266853075,1.0054377368933278
2026-09-14T21:25:00+00:00,1.0116108402996258,1.0054377368933278
2026-09-14T21:30:00+00:00,1.0111495407227125,1.0054377368933278
2026-09-14T21:35:00+00:00,1.011213638584643,1.0054377368933278
2026-09-14T21:40:00+00:00,1.0105342447842305,1.0054377368933278
2026-09-14T21:45:00+00:00,1.010585554612727,1.0054377368933278
2026-09-14T21:50:00+00:00,1.0105406605479499,1.0054377368933278
2026-09-14T21:55:00+00:00,1.010219974159894,1.0054377368933278
2026-09-14T22:00:00+00:00,1.0101943111397997,1.0054377368933278
2026-09-14T22:05:00+00:00,1.010065992616528,1.0054377368933278
2026-09-14T22:10:00+00:00,1.0105729121234062,1.0054377368933278
2026-09-14T22:15:00+00:00,1.010720423267053,1.0054377368933278
2026-09-14T22:20:00+00:00,1.0094891831407373,1.0054377368933278
2026-09-14T22:25:00+00:00,1.008904932320304,1.0054377368933278
2026-09-14T22:30:00+00:00,1.0090398384239574,1.0054377368933278
2026-09-14T22:35:00+00:00,1.0087636373263087,1.0054377368933278
2026-09-14T22:40:00+00:00,1.009136287358568,1.0054377368933278
2026-09-14T22:45:00+00:00,1.0095473356038231,1.0054377368933278
2026-09-14T22:50:00+00:00,1.0091749747423604,1.0054377368933278
2026-09-14T22:55:00+00:00,1.0089694584365847,1.0054377368933278
2026-09-14T23:00:00+00:00,1.0088731030416873,1.0054377368933278
2026-09-14T23:05:00+00:00,1.008192122250276,1.0054377368933278
2026-09-14T23:10:00+00:00,1.0081085498168507,1.0054377368933278
2026-09-14T23:15:00+00:00,1.0082371343120158,1.0054377368933278
2026-09-14T23:20:00+00:00,1.0078450042372078,1.0054377368933278
2026-09-14T23:25:00+00:00,1.0082565795324552,1.0054377368933278
2026-09-14T23:30:00+00:00,1.00790945682929,1.0054377368933278
2026-09-14T23:35:00+00:00,1.0072664155110858,1.0054377368933278
2026-09-14T23:40:00+00:00,1.0072406772610407,1.0054377368933278
2026-09-14T23:45:00+00:00,1.0074787637199207,1.0054377368933278
2026-09-14T23:50:00+00:00,1.0072021376405722,1.0054377368933278
2026-09-14T23:55:00+00:00,1.006545770287906,1.0054377368933278
2026-09-15T00:00:00+00:00,1.0067003104404617,1.0054377368933278
2026-09-15T00:05:00+00:00,1.0064685274325802,1.0054377368933278
2026-09-15T00:10:00+00:00,1.0069386262159092,1.0054377368933278
2026-09-15T00:15:00+00:00,1.006159790039455,1.0054377368933278
2026-09-15T00:20:00+00:00,1.0056702247238067,1.0054377368933278
2026-09-15T00:25:00+00:00,1.0055928872888737,1.0054377368933278
2026-09-15T00:30:00+00:00,1.0054510910863332,1.0054377368933278
2026-09-15T00:35:00+00:00,1.005586460271276,1.0054377368933278
2026-09-15T00:40:00+00:00,1.0053931018510576,1.0054377368933278
2026-09-15T00:45:00+00:00,1.0051545790130596,1.0054377368933278
2026-09-15T00:50:00+00:00,1.005322230556227,1.0054377368933278
2026-09-15T00:55:00+00:00,1.0050836908827034,1.0054377368933278
2026-09-15T01:00:00+00:00,1.0050965879386458,1.0054377368933278
2026-09-15T01:05:00+00:00,1.0042647358359158,1.0054377368933278
2026-09-15T01:10:00+00:00,1.0038194257296766,1.0054377368933278
2026-09-15T01:15:00+00:00,1.004232652996974,1.0054377368933278
2026-09-15T01:20:00+00:00,1.0045359939427947,1.0054377368933278
2026-09-15T01:25:00+00:00,1.0054844485269068,1.0054377368933278
2026-09-15T01:30:00+00:00,1.0044401978847892,1.0054377368933278
2026-09-15T01:35:00+00:00,1.0051177313918616,1.0054377368933278
2026-09-15T01:40:00+00:00,1.0053047348797455,1.0054377368933278
2026-09-15T01:45:00+00:00,1.0054465722693906,1.0054377368933278
2026-09-15T01:50:00+00:00,1.0057688866126542,1.0054377368933278
2026-09-15T01:55:00+00:00,1.0052920173223858,1.0054377368933278
2026-09-15T02:00:00+00:00,1.0048664996207628,1.0054377368933278
2026-09-15T02:05:00+00:00,1.0049761498421736,1.0054377368933278
2026-09-15T02:10:00+00:00,1.005150280011628,1.0054377368933278
2026-09-15T02:15:00+00:00,1.0052534503871697,1.0054377368933278
2026-09-15T02:20:00+00:00,1.0049633153852657,1.0054377368933278
2026-09-15T02:25:00+00:00,1.0051954919392874,1.0054377368933278
2026-09-15T02:30:00+00:00,1.005111669766844,1.0054377368933278
2026-09-15T02:35:00+00:00,1.0050084954118286,1.0054377368933278
2026-09-15T02:40:00+00:00,1.0046344476164577,1.0054377368933278
2026-09-15T02:45:00+00:00,1.0045828359265172,1.0054377368933278
2026-09-15T02:50:00+00:00,1.004247340592273,1.0054377368933278
2026-09-15T02:55:00+00:00,1.0044603223127948,1.0054377368933278
2026-09-15T03:00:00+00:00,1.0047958565058228,1.0054377368933278
2026-09-15T03:05:00+00:00,1.0039831027508492,1.0054377368933278
2026-09-15T03:10:00+00:00,1.0039250018768473,1.0054377368933278
2026-09-15T03:15:00+00:00,1.0035376378492267,1.0054377368933278
2026-09-15T03:20:00+00:00,1.0037507703976651,1.0054377368933278
2026-09-15T03:25:00+00:00,1.0042608851039425,1.0054377368933278
2026-09-15T03:30:00+00:00,1.0043447859937646,1.0054377368933278
2026-09-15T03:35:00+00:00,1.0043447860352306,1.0054377368933278
2026-09-15T03:40:00+00:00,1.0041834517689303,1.0054377368933278
2026-09-15T03:45:00+00:00,1.0040608180338984,1.0054377368933278
2026-09-15T03:50:00+00:00,1.0037057844421695,1.0054377368933278
2026-09-15T03:55:00+00:00,1.0034862314700332,1.0054377368933278
2026-09-15T04:00:00+00:00,1.003130994528033,1.0054377368933278
2026-09-15T04:05:00+00:00,1.0036349635699582,1.0054377368933278
2026-09-15T04:10:00+00:00,1.0031893657291924,1.0054377368933278
2026-09-15T04:15:00+00:00,1.0030472288225238,1.0054377368933278
2026-09-15T04:20:00+00:00,1.0031506164764001,1.0054377368933278
2026-09-15T04:25:00+00:00,1.0027241892714984,1.0054377368933278
2026-09-15T04:30:00+00:00,1.0029051759584788,1.0054377368933278
2026-09-15T04:35:00+00:00,1.0026789849286273,1.0054377368933278
2026-09-15T04:40:00+00:00,1.0026272724561587,1.0054377368933278
2026-09-15T04:45:00+00:00,1.00300867411279,1.0054377368933278
2026-09-15T04:50:00+00:00,1.0028535887062495,1.0054377368933278
2026-09-15T04:55:00+00:00,1.0027437188151107,1.0054377368933278
2026-09-15T05:00:00+00:00,1.0026920096711949,1.0054377368933278
2026-09-15T05:05:00+00:00,1.0028536090796643,1.0054377368933278
2026-09-15T05:10:00+00:00,1.0026338692929226,1.0054377368933278
2026-09-15T05:15:00+00:00,1.0015155292891154,1.0054377368933278
2026-09-15T05:20:00+00:00,1.001043104093077,1.0054377368933278
2026-09-15T05:25:00+00:00,1.0012697177773993,1.0054377368933278
2026-09-15T05:30:00+00:00,1.0019752931539039,1.0054377368933278
2026-09-15T05:35:00+00:00,1.001981761767399,1.0054377368933278
2026-09-15T05:40:00+00:00,1.0015289588644878,1.0054377368933278
2026-09-15T05:45:00+00:00,1.0018590052388874,1.0054377368933278
2026-09-15T05:50:00+00:00,1.0021113105249118,1.0054377368933278
2026-09-15T05:55:00+00:00,1.0028033629887745,1.0054377368933278
2026-09-15T06:00:00+00:00,1.0030101865786054,1.0054377368933278
2026-09-15T06:05:00+00:00,1.003669304973579,1.0054377368933278
2026-09-15T06:10:00+00:00,1.0031268578192651,1.0054377368933278
2026-09-15T06:15:00+00:00,1.002635806759748,1.0054377368933278
2026-09-15T06:20:00+00:00,1.0025388407141542,1.0054377368933278
2026-09-15T06:25:00+00:00,1.0018600124882813,1.0054377368933278
2026-09-15T06:30:00+00:00,1.0014524394110058,1.0054377368933278
2026-09-15T06:35:00+00:00,1.0016530716208454,1.0054377368933278
2026-09-15T06:40:00+00:00,1.0015430695393097,1.0054377368933278
2026-09-15T06:45:00+00:00,1.0016530837039874,1.0054377368933278
2026-09-15T06:50:00+00:00,1.000960722167478,1.0054377368933278
2026-09-15T06:55:00+00:00,1.0003002485889463,1.0054377368933278
2026-09-15T07:00:00+00:00,1.0005788675537708,1.0054377368933278
2026-09-15T07:05:00+00:00,1.0008055775796487,1.0054377368933278
2026-09-15T07:10:00+00:00,1.0004558607212328,1.0054377368933278
2026-09-15T07:15:00+00:00,1.0001967239790919,1.0054377368933278
2026-09-15T07:20:00+00:00,1.0006049755168187,1.0054377368933278
2026-09-15T07:25:00+00:00,1.0005855459588167,1.0054377368933278
2026-09-15T07:30:00+00:00,1.0006438449896238,1.0054377368933278
2026-09-15T07:35:00+00:00,0.9996204335190103,1.0054377368933278
2026-09-15T07:40:00+00:00,0.9993027231911746,1.0054377368933278
2026-09-15T07:45:00+00:00,0.9990108556062559,1.0054377368933278
2026-09-15T07:50:00+00:00,0.9990043677644588,1.0054377368933278
2026-09-15T07:55:00+00:00,0.9982452853444793,1.0054377368933278
2026-09-15T08:00:00+00:00,0.9984660412646446,1.0054377368933278
2026-09-15T08:05:00+00:00,0.9979791725451025,1.0054377368933278
2026-09-15T08:10:00+00:00,0.9974725940651353,1.0054377368933278
2026-09-15T08:15:00+00:00,0.9976935225875972,1.0054377368933278
2026-09-15T08:20:00+00:00,0.9977325010812128,1.0054377368933278
2026-09-15T08:25:00+00:00,0.9980767976574904,1.0054377368933278
2026-09-15T08:30:00+00:00,0.9980248466643695,1.0054377368933278
2026-09-15T08:35:00+00:00,0.9981417433394952,1.0054377368933278
2026-09-15T08:40:00+00:00,0.9980378473515342,1.0054377368933278
2026-09-15T08:45:00+00:00,0.9979144580209707,1.0054377368933278
2026-09-15T08:50:00+00:00,0.9981287923074685,1.0054377368933278
2026-09-15T08:55:00+00:00,0.9984924354179253,1.0054377368933278
2026-09-15T09:00:00+00:00,0.9989468208145478,1.0054377368933278
2026-09-15T09:05:00+00:00,0.9985575246944086,1.0054377368933278
2026-09-15T09:10:00+00:00,0.99865488668184,1.0054377368933278
2026-09-15T09:15:00+00:00,0.9984991226878687,1.0054377368933278
2026-09-15T09:20:00+00:00,0.9983692983055372,1.0054377368933278
2026-09-15T09:25:00+00:00,0.9983757903287536,1.0054377368933278
2026-09-15T09:30:00+00:00,0.9984017582527605,1.0054377368933278
2026-09-15T09:35:00+00:00,0.99881723423055,1.0054377368933278
2026-09-15T09:40:00+00:00,0.9987653213274313,1.0054377368933278
2026-09-15T09:45:00+00:00,0.9988821314308964,1.0054377368933278
2026-09-15T09:50:00+00:00,0.9992195433836736,1.0054377368933278
2026-09-15T09:55:00+00:00,0.9993298139018145,1.0054377368933278
2026-09-15T10:00:00+00:00,0.9988239226408828,1.0054377368933278
2026-09-15T10:05:00+00:00,0.9985903160479209,1.0054377368933278
2026-09-15T10:10:00+00:00,0.9992004355544766,1.0054377368933278
2026-09-15T10:15:00+00:00,0.9989474553968438,1.0054377368933278
2026-09-15T10:20:00+00:00,0.9988566190299208,1.0054377368933278
2026-09-15T10:25:00+00:00,0.9990318195080758,1.0054377368933278
2026-09-15T10:30:00+00:00,0.9982597802159138,1.0054377368933278
2026-09-15T10:35:00+00:00,0.9987077826831207,1.0054377368933278
2026-09-15T10:40:00+00:00,0.9985714961407239,1.0054377368933278
2026-09-15T10:45:00+00:00,0.999337406264812,1.0054377368933278
2026-09-15T10:50:00+00:00,0.9997784372978075,1.0054377368933278
2026-09-15T10:55:00+00:00,0.9990199440467431,1.0054377368933278
2026-09-15T11:00:00+00:00,0.9992470191428963,1.0054377368933278
2026-09-15T11:05:00+00:00,0.9996491723825841,1.0054377368933278
2026-09-15T11:10:00+00:00,1.000323480739988,1.0054377368933278
2026-09-15T11:15:00+00:00,0.9991701534980637,1.0054377368933278
2026-09-15T11:20:00+00:00,0.9994231408121351,1.0054377368933278
2026-09-15T11:25:00+00:00,0.9987940711515901,1.0054377368933278
2026-09-15T11:30:00+00:00,0.9989238571452167,1.0054377368933278
2026-09-15T11:35:00+00:00,0.998450199808794,1.0054377368933278
2026-09-15T11:40:00+00:00,0.9983593183019978,1.0054377368933278
2026-09-15T11:45:00+00:00,0.9984047629389848,1.0054377368933278
2026-09-15T11:50:00+00:00,0.9978594490770211,1.0054377368933278
2026-09-15T11:55:00+00:00,0.9982166974167898,1.0054377368933278
2026-09-15T12:00:00+00:00,0.998476421450949,1.0054377368933278
2026-09-15T12:05:00+00:00,0.9984244904985669,1.0054377368933278
2026-09-15T12:10:00+00:00,0.9978986622558464,1.0054377368933278
2026-09-15T12:15:00+00:00,0.9983728066885044,1.0054377368933278
2026-09-15T12:20:00+00:00,0.9986259981723135,1.0054377368933278
2026-09-15T12:25:00+00:00,0.9985221517646835,1.0054377368933278
2026-09-15T12:30:00+00:00,0.9985156606891341,1.0054377368933278
2026-09-15T12:35:00+00:00,0.9985610985133588,1.0054377368933278
2026-09-15T12:40:00+00:00,0.9985546076909663,1.0054377368933278
2026-09-15T12:45:00+00:00,0.998554607733158,1.0054377368933278
2026-09-15T12:50:00+00:00,0.9989116076481245,1.0054377368933278
2026-09-15T12:55:00+00:00,0.9997680956780665,1.0045756532215517
2026-09-15T13:00:00+00:00,0.9986854360493801,1.0056635190060328
2026-09-15T13:05:00+00:00,0.9992890086095089,1.005055729122568
2026-09-15T13:10:00+00:00,0.9991657725213157,1.0051796763844774
2026-09-15T13:15:00+00:00,0.9988025055616643,1.0055451298207196
2026-09-15T13:20:00+00:00,0.9985104865494636,1.0058391239033317
2026-09-15T13:25:00+00:00,0.9985364512234862,1.0058129686597734
2026-09-15T13:30:00+00:00,0.9985818889810665,1.0057671982588345
2026-09-15T13:35:00+00:00,0.9974914506435593,1.006865482859918
2026-09-15T13:40:00+00:00,0.9943464912879814,1.0100400385795543
2026-09-15T13:45:00+00:00,0.9952199601221052,1.0091527839830468
2026-09-15T13:50:00+00:00,0.9946207949344413,1.009760329291444
2026-09-15T13:55:00+00:00,0.9938713820389211,1.0105211493105004
2026-09-15T14:00:00+00:00,0.9965190973096768,1.007829148667612
2026-09-15T14:05:00+00:00,0.9952377562603326,1.009125032371597
2026-09-15T14:10:00+00:00,0.9955699016218738,1.008788252344303
2026-09-15T14:15:00+00:00,0.9950165106434549,1.0093489907887587
2026-09-15T14:20:00+00:00,0.9948276015984352,1.0095406209294668
2026-09-15T14:25:00+00:00,0.9950035119125558,1.0093621169538873
2026-09-15T14:30:00+00:00,0.9946322055282727,1.0097387765336778
2026-09-15T14:35:00+00:00,0.9934983130840487,1.0108898906470032
2026-09-15T14:40:00+00:00,0.9914628034789593,1.0129610326459384
2026-09-15T14:45:00+00:00,0.9918681306340256,1.0125469110933787
2026-09-15T14:50:00+00:00,0.9906526540142819,1.0137877283540773
2026-09-15T14:55:00+00:00,0.9919546808166652,1.0124552948428003
2026-09-15T15:00:00+00:00,0.991928543730851,1.01248197210078
2026-09-15T15:05:00+00:00,0.9927845558469824,1.0116082228363188
2026-09-15T15:10:00+00:00,0.9926082778616353,1.0117878431360425
2026-09-15T15:15:00+00:00,0.9924711493540729,1.011927619367595
2026-09-15T15:20:00+00:00,0.9925299281861977,1.0118676863036293
2026-09-15T15:25:00+00:00,0.9948612976694248,1.0094909252389541
2026-09-15T15:30:00+00:00,0.9946462939934572,1.0097090933564148
2026-09-15T15:35:00+00:00,0.9950372918028261,1.00931217432501
2026-09-15T15:40:00+00:00,0.9951089453839604,1.0092394952182564
2026-09-15T15:45:00+00:00,0.9953043534269619,1.0090413123804924
2026-09-15T15:50:00+00:00,0.9955387970502616,1.0088036330208885
2026-09-15T15:55:00+00:00,0.9953304517825442,1.0090147543389314
2026-09-15T16:00:00+00:00,0.9957146713517036,1.0086252471431023
2026-09-15T16:05:00+00:00,0.9955389110475293,1.0088032863799803
2026-09-15T16:10:00+00:00,0.9945167236883478,1.009839079538974
2026-09-15T16:15:00+00:00,0.9941778142459669,1.010183210503481
2026-09-15T16:20:00+00:00,0.994921056560813,1.0094280124533883
2026-09-15T16:25:00+00:00,0.9955464816729808,1.0087934680101374
2026-09-15T16:30:00+00:00,0.9954878853063528,1.00885284321152
2026-09-15T16:35:00+00:00,0.9947130598870876,1.0096380710769277
2026-09-15T16:40:00+00:00,0.9947391246139902,1.0096116155260064
2026-09-15T16:45:00+00:00,0.9947717046582666,1.0096116153960435
2026-09-15T16:50:00+00:00,0.9949215687390103,1.0096116153960435
2026-09-15T16:55:00+00:00,0.995527449628326,1.0096116153960435
2026-09-15T17:00:00+00:00,0.9948633392840396,1.0096116153960435
2026-09-15T17:05:00+00:00,0.9943421204917652,1.0096116153960435
2026-09-15T17:10:00+00:00,0.9938206318028124,1.0096116153960435
2026-09-15T17:15:00+00:00,0.9941597774815347,1.0092670787568923
2026-09-15T17:20:00+00:00,0.9940554598805084,1.0093729815733565
2026-09-15T17:25:00+00:00,0.9947074968909004,1.0087109305982564
2026-09-15T17:30:00+00:00,0.9957957127571355,1.0076073948929836
2026-09-15T17:35:00+00:00,0.9985751014284076,1.0047950750401635
2026-09-15T17:40:00+00:00,0.9987503606474469,1.0046187241578972
2026-09-15T17:45:00+00:00,0.997426412205864,1.0059504517313136
2026-09-15T17:50:00+00:00,0.998849598885082,1.0045151024510683
2026-09-15T17:55:00+00:00,0.999174065042904,1.0041887959118956
2026-09-15T18:00:00+00:00,0.9986486005036272,1.0047168976926077
2026-09-15T18:05:00+00:00,0.9981682969182495,1.0052001134808706
2026-09-15T18:10:00+00:00,0.9983176533174188,1.0050497049076292
2026-09-15T18:15:00+00:00,0.9980904058384836,1.0052784848063778
2026-09-15T18:20:00+00:00,0.996583736650554,1.0067960047719906
2026-09-15T18:25:00+00:00,0.99659024074741,1.0067894340258623
2026-09-15T18:30:00+00:00,0.9983203192199852,1.0050416497761208
2026-09-15T18:35:00+00:00,0.9975087820768147,1.0058585235292548
2026-09-15T18:40:00+00:00,0.9947470938756614,1.0086433287022745
2026-09-15T18:45:00+00:00,0.9908895149765903,1.0125547964968988
2026-09-15T18:50:00+00:00,0.98619918471927,1.0173476150035974
2026-09-15T18:55:00+00:00,0.9917007090968363,1.0116723287215525
2026-09-15T19:00:00+00:00,0.992354373695421,1.0110055001304394
2026-09-15T19:05:00+00:00,0.9932558370468565,1.0100870939333937
2026-09-15T19:10:00+00:00,0.992629304900841,1.0107242345449454
2026-09-15T19:15:00+00:00,0.9922374584663045,1.0111232524134934
2026-09-15T19:20:00+00:00,0.9935179419327538,1.009818413905584
2026-09-15T19:25:00+00:00,0.9932373793038505,1.0101035796755842
2026-09-15T19:30:00+00:00,0.9919190237228042,1.011444304593979
2026-09-15T19:35:00+00:00,0.9919647704164798,1.0113976574063905
2026-09-15T19:40:00+00:00,0.9926378692962307,1.0107113723179624
2026-09-15T19:45:00+00:00,0.9918280857712785,1.0115359000164323
2026-09-15T19:50:00+00:00,0.9919457348350725,1.0114159055119618
2026-09-15T19:55:00+00:00,0.9926841981393941,1.0114159055119618
2026-09-15T20:00:00+00:00,0.9936049525285918,1.0114159055119618
2026-09-15T20:05:00+00:00,0.9928742503600404,1.0114159055119618
2026-09-15T20:10:00+00:00,0.9921822129922505,1.0114159055119618
2026-09-15T20:15:00+00:00,0.9927048955751516,1.0114159055119618
2026-09-15T20:20:00+00:00,0.9919343444787311,1.0114159055119618
