task_id,business_at,committed_at,matched_successful_log,runtime_seconds,input_tokens,output_tokens,outcome_total_tokens,total_tokens,model
event-trader-analysis-gold-1d6e685fb9d36d3e0e1abfc9,2026-02-24T07:02:00+00:00,2026-07-14T10:41:47.865218+00:00,True,169.0,414060,14815,428875,428875,MiniMax-M2.1
event-trader-analysis-gold-c227ee358311a4f2dfad98c0,2026-02-24T08:16:00+00:00,2026-07-14T10:47:28.778681+00:00,True,172.0,299573,15799,315372,315372,MiniMax-M2.1
event-trader-analysis-gold-09178d62cea2581f74e42e8b,2026-02-24T14:49:34+00:00,2026-07-14T10:50:41.803259+00:00,True,88.0,179408,5591,184999,184999,MiniMax-M2.1
event-trader-analysis-gold-09fb90c736164f867462ea4d,2026-02-24T19:10:00+00:00,2026-07-14T10:52:22.496812+00:00,True,55.0,128119,3646,131765,131765,MiniMax-M2.1
event-trader-analysis-gold-9b2bcbc00ae552439255a1d6,2026-02-25T00:30:00+00:00,2026-07-14T10:54:29.588736+00:00,True,44.0,139707,2605,142312,142312,MiniMax-M2.1
event-trader-analysis-gold-0e271ff9b1e446bc86b23d53,2026-02-25T02:14:00+00:00,2026-07-14T10:57:15.229514+00:00,True,126.0,303640,11041,314681,314681,MiniMax-M2.1
event-trader-analysis-gold-354b87ca75e0f6b46d5f88ac,2026-02-25T07:59:59+00:00,2026-07-14T11:02:46.465308+00:00,True,139.0,160658,11877,172535,172535,MiniMax-M2.1
event-trader-analysis-gold-f4e285f0f7c7384853dafb38,2026-02-25T08:02:46.298000+00:00,2026-07-14T12:15:48.948152+00:00,True,148.0,262356,14314,276670,276670,MiniMax-M2.1
event-trader-analysis-gold-69391bbf8fa4c418d58352b8,2026-02-25T12:09:52+00:00,2026-07-14T12:20:53.951798+00:00,True,116.0,160507,9373,169880,169880,MiniMax-M2.1
event-trader-analysis-gold-7c8686ed4c6cb640f89a240e,2026-02-25T13:09:00+00:00,2026-07-14T12:26:13.059441+00:00,True,170.0,261439,14605,276044,276044,MiniMax-M2.1
event-trader-analysis-gold-2a17b5cbf4521dedd7fd365d,2026-02-25T15:10:21+00:00,2026-07-14T12:31:27.082743+00:00,True,232.0,393235,19791,413026,413026,MiniMax-M2.1
event-trader-analysis-gold-0199787f3a83afe6af7f5280,2026-02-26T00:30:00+00:00,2026-07-14T12:36:11.717382+00:00,True,181.0,326573,16140,342713,342713,MiniMax-M2.1
event-trader-analysis-gold-d87f48b65fdf71229ce94a53,2026-02-26T02:16:37.037000+00:00,2026-07-14T12:39:13.860752+00:00,True,48.0,149390,2863,152253,152253,MiniMax-M2.1
event-trader-analysis-gold-f4353e288c601278818399ee,2026-02-26T08:29:59+00:00,2026-07-14T12:41:15.045731+00:00,True,55.0,156826,3861,160687,160687,MiniMax-M2.1
event-trader-analysis-gold-4b742082b53512f72d803e33,2026-02-27T00:30:00+00:00,2026-07-14T12:44:46.579734+00:00,True,65.0,168414,4474,172888,172888,MiniMax-M2.1
event-trader-analysis-gold-2eb7ce58f20f1c7d27b1ae06,2026-02-27T11:51:26+00:00,2026-07-14T12:52:16.111987+00:00,True,190.0,292207,17880,310087,310087,MiniMax-M2.1
event-trader-analysis-gold-62fc297c3abd836da6f21057,2026-02-27T16:29:59+00:00,2026-07-14T12:57:15.973218+00:00,True,68.0,183737,4881,188618,188618,MiniMax-M2.1
event-trader-analysis-gold-11db4d9066510644a8758b07,2026-02-28T00:30:00+00:00,2026-07-14T13:00:15.109352+00:00,True,112.0,200167,10539,210706,210706,MiniMax-M2.1
event-trader-analysis-gold-8e3584ab1ff7b7ee89e47dab,2026-02-28T09:26:25+00:00,2026-07-14T13:05:56.907142+00:00,True,168.0,312813,15582,328395,328395,MiniMax-M2.1
event-trader-analysis-gold-157830ff0136c4f17a3cad7d,2026-02-28T14:05:00+00:00,2026-07-14T15:54:03.345023+00:00,True,45.0,112488,3303,115791,115791,MiniMax-M2.1
event-trader-analysis-gold-16583d5ea3ac0b020f49336a,2026-02-28T18:20:00+00:00,2026-07-14T15:56:34.189925+00:00,True,113.0,243134,10254,253388,253388,MiniMax-M2.1
event-trader-analysis-gold-4745ef29ef6176624b20a2e3,2026-02-28T19:17:27+00:00,2026-07-14T16:00:00.076116+00:00,True,103.0,195073,10160,205233,205233,MiniMax-M2.1
event-trader-analysis-gold-da4d4879db08d25f2d57c9ea,2026-03-01T07:30:01.753000+00:00,2026-07-14T16:05:01.996744+00:00,True,122.0,180535,9971,190506,190506,MiniMax-M2.1
event-trader-analysis-gold-e4d6d9926fea8622d123d220,2026-03-01T07:59:59+00:00,2026-07-14T16:07:48.337379+00:00,True,75.0,157064,4065,161129,161129,MiniMax-M2.1
event-trader-analysis-gold-a57fec71088964025a923a0a,2026-03-01T08:29:59+00:00,2026-07-14T16:09:51.807483+00:00,True,100.0,188615,9434,198049,198049,MiniMax-M2.1
event-trader-analysis-gold-f6725355cde25e15bcbe9fb3,2026-03-01T10:08:52+00:00,2026-07-14T16:15:27.969686+00:00,True,121.0,245072,11180,256252,256252,MiniMax-M2.1
event-trader-analysis-gold-de97296f08b3dd691f7537aa,2026-03-01T18:38:41+00:00,2026-07-14T16:20:03.942648+00:00,True,122.0,180540,10584,191124,191124,MiniMax-M2.1
event-trader-analysis-gold-30f8e92c534d134db818789d,2026-03-02T00:30:00+00:00,2026-07-14T16:25:46.759080+00:00,True,97.0,186420,10452,196872,196872,MiniMax-M2.1
event-trader-analysis-gold-21088681fa8c214074bef55b,2026-03-02T03:44:53+00:00,2026-07-15T03:01:57.427130+00:00,True,233.0,318893,17932,336825,336825,MiniMax-M2.1
event-trader-analysis-gold-2933ef85a4391aa8ad5d646a,2026-03-02T07:29:02.478000+00:00,2026-07-15T03:08:07.947093+00:00,True,136.0,244252,8806,253058,253058,MiniMax-M2.1
event-trader-analysis-gold-ba68ab64affeb8901cd012a3,2026-03-02T15:42:10+00:00,2026-07-15T03:15:27.683024+00:00,True,123.0,155044,10944,165988,165988,MiniMax-M2.1
