work_item_id,analysis_unit_id,event_time
analysis-work:unit-6e5d6b00a0663f3a00a87e52:unit-emitted-6d4030fe803a471b2f291c9f,unit-6e5d6b00a0663f3a00a87e52,2026-03-02T06:59:02.478000+00:00
analysis-work:unit-5b41a3b5dcddaedb29c02adc:unit-emitted-53c92eacc10a7165b476e46e,unit-5b41a3b5dcddaedb29c02adc,2026-03-02T03:14:53+00:00
analysis-work:unit-8f7e2afed4b9a116aced6800:unit-emitted-c0683e5c5a925344aa082dde,unit-8f7e2afed4b9a116aced6800,2026-02-28T13:35:00+00:00
analysis-work:unit-e51ff3e6c2962102d3de21c0:unit-emitted-84a04b7cfb81dd73bc5d105c,unit-e51ff3e6c2962102d3de21c0,2026-02-28T02:17:47+00:00
analysis-work:unit-10dcf4a32e53c93c1f23aa96:unit-emitted-868aa160c1d849524c53f0a0,unit-10dcf4a32e53c93c1f23aa96,2026-02-26T00:00:00+00:00
analysis-work:unit-13c0d7f43bba866d6449e39c:unit-emitted-d3ceb20a755221d8d1e50320,unit-13c0d7f43bba866d6449e39c,2026-02-25T12:39:00+00:00
analysis-work:unit-758ec112436995f5dc645da0:unit-emitted-1ea2cedc1f7974e1a39ea6ac,unit-758ec112436995f5dc645da0,2026-03-01T02:23:03+00:00
analysis-work:unit-2f7dee3956cb312569940c9a:unit-emitted-8fed0906b71f76e2d2e186ac,unit-2f7dee3956cb312569940c9a,2026-03-01T15:59:59+00:00
analysis-work:unit-6894c5c205eaf6986f9cf553:unit-emitted-011c016781b4e7f522262dc8,unit-6894c5c205eaf6986f9cf553,2026-02-24T07:59:59+00:00
analysis-work:unit-85c71a080fdcfd2c46169882:unit-emitted-7b095ceb37ce0dcc7fccc3e4,unit-85c71a080fdcfd2c46169882,2026-02-28T10:22:00+00:00
analysis-work:unit-12fec867e0dfe6b955b5914f:unit-emitted-3fde6f58a3a73475f4cc8f02,unit-12fec867e0dfe6b955b5914f,2026-03-02T15:59:59+00:00
analysis-work:unit-5b4904aa1c4dde8d9ca55e9d:unit-emitted-8d3ac8c65675969011b083ce,unit-5b4904aa1c4dde8d9ca55e9d,2026-02-27T00:00:00+00:00
analysis-work:unit-3bee9f1fdff83a6266286c05:unit-emitted-073f43daeaeaa04ca6f1c984,unit-3bee9f1fdff83a6266286c05,2026-02-28T18:47:27+00:00
analysis-work:unit-ee943419dd54367254c49fe3:unit-emitted-a087b985e5de32f91c56af8d,unit-ee943419dd54367254c49fe3,2026-02-24T07:46:00+00:00
analysis-work:unit-6cdd08c009f01e12a5e00242:unit-emitted-ea4888f72b7550445f624a82,unit-6cdd08c009f01e12a5e00242,2026-02-25T11:39:52+00:00
analysis-work:unit-dfc8982c41af2d439feb7b24:unit-emitted-7e2d95bd93d2400d6d050727,unit-dfc8982c41af2d439feb7b24,2026-02-25T00:00:00+00:00
analysis-work:unit-0d66f67397a13edf96884b31:unit-emitted-a4eaf01988c6b4b782e80d3b,unit-0d66f67397a13edf96884b31,2026-02-26T07:59:59+00:00
analysis-work:unit-5e829be616be530089940208:unit-emitted-752466bc052d05faf7ad2a21,unit-5e829be616be530089940208,2026-02-24T14:19:34+00:00
analysis-work:unit-7d30c7a78e6e1300e788de14:unit-emitted-6307140d22a079c99c6c558d,unit-7d30c7a78e6e1300e788de14,2026-02-24T04:19:19+00:00
analysis-work:unit-56112c02b982b9cedd0a9071:unit-emitted-6804c210b4f1268975ff09e6,unit-56112c02b982b9cedd0a9071,2026-03-01T09:38:52+00:00
analysis-work:unit-dfc456982b44c2178b7beeca:unit-emitted-e2d3cb307cfc261466d2ad88,unit-dfc456982b44c2178b7beeca,2026-03-02T01:54:00+00:00
analysis-work:unit-d68ec8dec5b54c6a438ef51f:unit-emitted-bed7f172473d514452eb416b,unit-d68ec8dec5b54c6a438ef51f,2026-02-27T00:00:00+00:00
analysis-work:unit-4caa8c5e44404748f84c7e3c:unit-emitted-2fbedbd97759c9290c9952d2,unit-4caa8c5e44404748f84c7e3c,2026-02-25T07:59:59+00:00
analysis-work:unit-0f283b2446d1776867b23853:unit-emitted-ad47fce022db223488abf128,unit-0f283b2446d1776867b23853,2026-02-24T07:59:59+00:00
analysis-work:unit-85071fc03bc1f5457ad66a5e:unit-emitted-6ea26d4c554027498a842af9,unit-85071fc03bc1f5457ad66a5e,2026-02-24T06:32:00+00:00
analysis-work:unit-aee8e1c9d9a6c1619559e15d:unit-emitted-24a201bd2ad7f3f626dd1ce0,unit-aee8e1c9d9a6c1619559e15d,2026-02-25T00:00:00+00:00
analysis-work:unit-7c7b67cb6e5cddebd711a974:unit-emitted-2a26cd2a4f11fb7359ce37dc,unit-7c7b67cb6e5cddebd711a974,2026-02-25T14:40:21+00:00
analysis-work:unit-f33fb56c799a72173e69463d:unit-emitted-628c82c2e42d695ad2ad38e5,unit-f33fb56c799a72173e69463d,2026-02-28T17:50:00+00:00
analysis-work:unit-e257f0687be3100d7db2fa94:unit-emitted-55d19f77f68a44fbbc06794d,unit-e257f0687be3100d7db2fa94,2026-02-28T13:35:00+00:00
analysis-work:unit-0830335454c6805e35f6f058:unit-emitted-8f0a6daf3fffef9f92ec3eac,unit-0830335454c6805e35f6f058,2026-02-25T07:32:46.298000+00:00
analysis-work:unit-92eb7be03c4d01e347a79f5b:unit-emitted-df302eb0fe736cd4f5a80c77,unit-92eb7be03c4d01e347a79f5b,2026-02-26T07:59:59+00:00
analysis-work:unit-d2b9a9ff4912024a73b31c8d:unit-emitted-b8d2a20a396546ba7219333f,unit-d2b9a9ff4912024a73b31c8d,2026-02-28T08:56:25+00:00
analysis-work:unit-54343225489febfc2550ea27:unit-emitted-821cf075ef1426e807271a35,unit-54343225489febfc2550ea27,2026-02-27T00:00:00+00:00
analysis-work:unit-b164f9e961403b71402344e9:unit-emitted-8bd2d1fa9377f5712e1cd385,unit-b164f9e961403b71402344e9,2026-02-24T04:27:47+00:00
analysis-work:unit-3395217da9d3a6fe96600273:unit-emitted-4b4f23e5f78688fbb1c7df79,unit-3395217da9d3a6fe96600273,2026-03-02T03:21:00+00:00
analysis-work:unit-8748a76b5638eb449bb57d19:unit-emitted-96ff125159c250cc7a73887f,unit-8748a76b5638eb449bb57d19,2026-03-02T15:41:03+00:00
analysis-work:unit-ae4e5ef2240e99c05516170a:unit-emitted-0159c558990eaed1e9ebb699,unit-ae4e5ef2240e99c05516170a,2026-02-25T12:48:00+00:00
analysis-work:unit-d112f97dbecc5e8ee4122605:unit-emitted-acfb7b2c3bd1361ed2504d3c,unit-d112f97dbecc5e8ee4122605,2026-02-27T13:30:00+00:00
analysis-work:unit-0439b5eb672b743bfa04301d:unit-emitted-f6011a26b194275717fcc5e7,unit-0439b5eb672b743bfa04301d,2026-03-01T23:05:51+00:00
analysis-work:unit-e4ed0f8ea79cae5f1737680b:unit-emitted-310d7f6d33bdddef54e34414,unit-e4ed0f8ea79cae5f1737680b,2026-02-27T00:00:00+00:00
analysis-work:unit-6100c12de0e4bc5fad51bda9:unit-emitted-23f3493dea8a90387ebb5ab6,unit-6100c12de0e4bc5fad51bda9,2026-02-24T18:40:00+00:00
analysis-work:unit-c5169eef91c603565ee0ec7d:unit-emitted-1bd85e6726f1fa048edbae33,unit-c5169eef91c603565ee0ec7d,2026-02-24T00:00:00+00:00
analysis-work:unit-459438675f21c054f7ad1083:unit-emitted-6715c4bc43a9b194685e554e,unit-459438675f21c054f7ad1083,2026-02-27T11:21:26+00:00
analysis-work:unit-9103fb6bbeec14aa90354361:unit-emitted-8665cc29e100a17c1cbdd493,unit-9103fb6bbeec14aa90354361,2026-03-02T23:59:59+00:00
analysis-work:unit-5e44089f9c425d814d6d43aa:unit-emitted-85004f054218413fcedb3705,unit-5e44089f9c425d814d6d43aa,2026-03-02T18:08:38.633000+00:00
analysis-work:unit-a9a616c2903d3e40349efaab:unit-emitted-3ea66b4b8c9e69554fba9ae7,unit-a9a616c2903d3e40349efaab,2026-03-02T00:00:00+00:00
analysis-work:unit-aa8727020e8ec6bd884aa3b6:unit-emitted-128431590a25b72604b02652,unit-aa8727020e8ec6bd884aa3b6,2026-02-27T00:00:00+00:00
analysis-work:unit-a8a6532c75ba2bdbc5454715:unit-emitted-5cfe1d25e5cfcd37ef206f80,unit-a8a6532c75ba2bdbc5454715,2026-03-02T00:00:00+00:00
analysis-work:unit-d5dff8f85518e3a5a2ae5bb9:unit-emitted-0635df8a2286b2e1e5b7f80f,unit-d5dff8f85518e3a5a2ae5bb9,2026-03-02T15:12:10+00:00
analysis-work:unit-c39f86261ca4b91a0ed28909:unit-emitted-197da8083123a3ea5d6eaf40,unit-c39f86261ca4b91a0ed28909,2026-02-26T00:00:00+00:00
analysis-work:unit-30930fde33e0630867d05967:unit-emitted-8ca1ad08721a6c3f4efecccb,unit-30930fde33e0630867d05967,2026-02-24T07:46:00+00:00
analysis-work:unit-167e8def87c9b7bda7628628:unit-emitted-52f215462c4eff460902a191,unit-167e8def87c9b7bda7628628,2026-03-02T19:47:14+00:00
analysis-work:unit-c77bbf4864ff2c9f7e81202e:unit-emitted-ba0253c0d041d88d27a44558,unit-c77bbf4864ff2c9f7e81202e,2026-02-25T07:59:59+00:00
analysis-work:unit-b12d4364497169dfec3b733b:unit-emitted-553bce1e9c3534b1160a52cd,unit-b12d4364497169dfec3b733b,2026-02-24T00:00:00+00:00
analysis-work:unit-e6e8fb57366065a617ddd1c6:unit-emitted-5b3f528f5abf35ae9c016b03,unit-e6e8fb57366065a617ddd1c6,2026-02-24T00:00:00+00:00
analysis-work:unit-2ab2dc4e2c3d593f2b2375bc:unit-emitted-91de81607e3d456888c97320,unit-2ab2dc4e2c3d593f2b2375bc,2026-03-01T07:00:01.753000+00:00
analysis-work:unit-81e80099c12e7fec71c60641:unit-emitted-0d39999314b35a62d4729fce,unit-81e80099c12e7fec71c60641,2026-03-01T07:59:59+00:00
analysis-work:unit-b11495e6f82eceebd392bf6e:unit-emitted-f9468e466b10fd12bd3b21e8,unit-b11495e6f82eceebd392bf6e,2026-03-01T09:50:09+00:00
analysis-work:unit-c552051fc2047efa70217189:unit-emitted-378aad3a4f1463d355983400,unit-c552051fc2047efa70217189,2026-03-02T00:00:00+00:00
analysis-work:unit-05473e22bd868028e1ca8cbc:unit-emitted-591615002a9b42f65c5ed3ad,unit-05473e22bd868028e1ca8cbc,2026-02-26T07:59:59+00:00
analysis-work:unit-2ff10bc0a996aaa4d5bed5d9:unit-emitted-69a66d7978ca5a2d7459bf17,unit-2ff10bc0a996aaa4d5bed5d9,2026-02-28T00:11:06+00:00
analysis-work:unit-88a2013934a8459659974ce0:unit-emitted-a7bcbcad59de77c14812c64e,unit-88a2013934a8459659974ce0,2026-02-26T01:46:37.037000+00:00
analysis-work:unit-8cea86d5122dd9d5dfe555d9:unit-emitted-e5a9e782ff6167af797fa283,unit-8cea86d5122dd9d5dfe555d9,2026-02-27T00:00:00+00:00
analysis-work:unit-4f3208828457094e5d78cff8:unit-emitted-d2cf55bba850e5b13c4c9b0b,unit-4f3208828457094e5d78cff8,2026-02-26T00:00:00+00:00
analysis-work:unit-9fc13c1c0dfc0d473786e8ad:unit-emitted-879735edfb6ac0e5aa17cbe1,unit-9fc13c1c0dfc0d473786e8ad,2026-03-02T05:49:40+00:00
analysis-work:unit-eb9e74a2478e56fe33ff01a5:unit-emitted-103b61b288ca01fa929f52f4,unit-eb9e74a2478e56fe33ff01a5,2026-02-24T00:00:00+00:00
analysis-work:unit-d770117a60cd625609e00058:unit-emitted-042c4f26f45988e0c41158ca,unit-d770117a60cd625609e00058,2026-03-01T18:08:41+00:00
analysis-work:unit-33df766e3a9a7e221426d4ec:unit-emitted-7cb5834df771eba3d2e3c3bb,unit-33df766e3a9a7e221426d4ec,2026-02-25T01:44:00+00:00
analysis-work:unit-7a73bd6dcb02a314f60f7527:unit-emitted-97247b67f9d4c174adde1dc5,unit-7a73bd6dcb02a314f60f7527,2026-02-25T07:59:59+00:00
analysis-work:unit-2fab233a3e4cf5311531165d:unit-emitted-9d4aff41551b988593752c59,unit-2fab233a3e4cf5311531165d,2026-02-28T00:00:00+00:00
analysis-work:unit-31f6e4536ff5813be172cc2b:unit-emitted-de3a24a39116d5e6e8354794,unit-31f6e4536ff5813be172cc2b,2026-02-25T07:59:59+00:00
analysis-work:unit-9b723ba526075afc3da5bbf2:unit-emitted-a2d38e0343c96ea6b1efd0a6,unit-9b723ba526075afc3da5bbf2,2026-02-27T15:59:59+00:00
analysis-work:unit-0b0786129ce6462e2c1f00a6:unit-emitted-16f9a0e9f4e0c024b43b616f,unit-0b0786129ce6462e2c1f00a6,2026-03-01T06:47:53.347000+00:00
analysis-work:unit-32e1b05dec5f547e21395c5c:unit-emitted-b3d3b8697fbc7e708a436e0d,unit-32e1b05dec5f547e21395c5c,2026-02-28T07:59:59+00:00
analysis-work:unit-17bef47aa64aa56d7be15311:unit-emitted-32311a8f8b20ae73ceb0c619,unit-17bef47aa64aa56d7be15311,2026-03-01T07:59:59+00:00
analysis-work:unit-dfc5e695ea3fcf33c8a691c2:unit-emitted-e30ff7ceba2e07d9fbfb23c0,unit-dfc5e695ea3fcf33c8a691c2,2026-02-25T00:00:00+00:00
analysis-work:unit-d4ecb011d57131db9722be7c:unit-emitted-5bbc68c1977685401dc04b44,unit-d4ecb011d57131db9722be7c,2026-02-25T07:59:59+00:00
analysis-work:unit-17fab4334ef83aea74d8bf07:unit-emitted-a720c3f857702e04c28ff49a,unit-17fab4334ef83aea74d8bf07,2026-02-24T00:00:00+00:00
