assessment_id,business_at,as_if_flat_state
analysis-assessment:gold:1a48c09da16f18fee9e5b733,2026-02-24T00:00:00+00:00,strong_long
analysis-assessment:gold:4006a05688e3862621f629ed,2026-02-24T00:00:00+00:00,strong_long
analysis-assessment:gold:7c27da0ea655341fae56dec3,2026-02-24T00:00:00+00:00,strong_long
analysis-assessment:gold:7d093cffaeb22918a567656d,2026-02-24T00:00:00+00:00,strong_long
analysis-assessment:gold:e6049451c78b25d4980e85ba,2026-02-24T00:00:00+00:00,strong_long
analysis-assessment:gold:ca7f97c09f935d02965dd1bd,2026-02-24T04:19:19+00:00,strong_long
analysis-assessment:gold:ef922d618f2e992e81fef0bf,2026-02-24T04:27:47+00:00,strong_long
analysis-assessment:gold:0dca7129210700eb3a5fe00b,2026-02-24T07:46:00+00:00,strong_long
analysis-assessment:gold:70b786a22bd7be9c6158c374,2026-02-24T07:59:59+00:00,strong_long
analysis-assessment:gold:49bc3c7ecd4f824ddbfdb2c5,2026-02-24T14:19:34+00:00,strong_long
analysis-assessment:gold:32834e8a80904ee4a53b18a6,2026-02-24T18:40:00+00:00,strong_long
analysis-assessment:gold:2b1c554a1f8ebcdd6ccc6f2d,2026-02-25T00:00:00+00:00,strong_long
analysis-assessment:gold:5b0694ef144f340aaf8ca1d7,2026-02-25T01:44:00+00:00,strong_long
analysis-assessment:gold:049acc63e86fab3ff38df234,2026-02-25T07:32:46.298000+00:00,strong_long
analysis-assessment:gold:3679c5f8f620e02cef99f956,2026-02-25T07:59:59+00:00,strong_long
analysis-assessment:gold:62cb11cc94e42bafdfc25c07,2026-02-25T07:59:59+00:00,strong_long
analysis-assessment:gold:6633715abf5deb40dae49c6c,2026-02-25T07:59:59+00:00,strong_long
analysis-assessment:gold:d5de70b08ebb8769e07a629b,2026-02-25T12:39:00+00:00,strong_long
analysis-assessment:gold:ead80bc43979862c88b1d53a,2026-02-25T12:48:00+00:00,strong_long
analysis-assessment:gold:ae2cc2cd02d268daaf0e4dfb,2026-02-25T14:40:21+00:00,strong_long
analysis-assessment:gold:0d7e29074d990a15bc6206b8,2026-02-26T00:00:00+00:00,strong_long
analysis-assessment:gold:64fca2cac20df5c1f717afab,2026-02-26T00:00:00+00:00,strong_long
analysis-assessment:gold:cd942c2f6caaed404089f7d4,2026-02-26T00:00:00+00:00,strong_long
analysis-assessment:gold:3a9397d890ff49a3607e3bee,2026-02-26T01:46:37.037000+00:00,strong_long
analysis-assessment:gold:21641de69b5f42dd8c0906a5,2026-02-26T07:59:59+00:00,flat
analysis-assessment:gold:a3088abd2fa3ef6ff0ee68a8,2026-02-26T07:59:59+00:00,flat
analysis-assessment:gold:01fc2693aa71b2e77cce2ab0,2026-02-27T00:00:00+00:00,weak_long
analysis-assessment:gold:09df60e56529b72381a9ffec,2026-02-27T00:00:00+00:00,weak_long
analysis-assessment:gold:430c897c784be2a26ce8dfed,2026-02-27T00:00:00+00:00,weak_long
analysis-assessment:gold:49e5fd61b7b3327b1d6a72f3,2026-02-27T00:00:00+00:00,flat
analysis-assessment:gold:59208f02eb122de7d1f1a279,2026-02-27T00:00:00+00:00,flat
analysis-assessment:gold:78ca68acf119d1e4f4694abd,2026-02-27T11:21:26+00:00,strong_long
analysis-assessment:gold:16f45db08a94c02fb1c7095d,2026-02-28T00:00:00+00:00,strong_long
analysis-assessment:gold:83751af76d9bdd92afb9d2da,2026-02-28T07:59:59+00:00,strong_long
analysis-assessment:gold:406d5967715ede29f34d7d39,2026-02-28T08:56:25+00:00,strong_long
analysis-assessment:gold:442c958ed4c95967564b54d2,2026-02-28T10:22:00+00:00,strong_long
analysis-assessment:gold:22aa0c33992afdf7668d125a,2026-02-28T13:35:00+00:00,strong_long
analysis-assessment:gold:244058f597b32710f2246596,2026-02-28T17:50:00+00:00,strong_long
analysis-assessment:gold:159c40e004aa301611dfdfe8,2026-02-28T18:47:27+00:00,strong_long
analysis-assessment:gold:1b56e79ca30447f1fdb91619,2026-03-01T02:23:03+00:00,strong_long
analysis-assessment:gold:fc1bfc1e8ed13eb3de8eaada,2026-03-01T06:47:53.347000+00:00,strong_long
analysis-assessment:gold:776c070e929706c0e3f351a2,2026-03-01T07:00:01.753000+00:00,strong_long
analysis-assessment:gold:419f4effc88917696eb075ef,2026-03-01T07:59:59+00:00,strong_long
analysis-assessment:gold:bfe009fe5af324b47cdb0b80,2026-03-01T09:38:52+00:00,strong_long
analysis-assessment:gold:5255d363af7eaa76f9f82d1b,2026-03-01T09:50:09+00:00,strong_long
analysis-assessment:gold:38edaf833b231ee10cb16b5b,2026-03-01T15:59:59+00:00,strong_long
analysis-assessment:gold:ae12fc931d9825ba47a6976e,2026-03-01T18:08:41+00:00,strong_long
analysis-assessment:gold:43a529b3c20401bd19e0d939,2026-03-02T00:00:00+00:00,strong_long
analysis-assessment:gold:c5c69a167c74bccfaacedd15,2026-03-02T00:00:00+00:00,strong_long
analysis-assessment:gold:ef4fc8646b6f39d3b7b6af01,2026-03-02T00:00:00+00:00,strong_long
analysis-assessment:gold:fac3d8cb232f2dd3f417696e,2026-03-02T01:54:00+00:00,strong_long
analysis-assessment:gold:a4fad8147f9454431e0371fc,2026-03-02T03:14:53+00:00,strong_long
analysis-assessment:gold:22979e4a379100fb04b6fa9c,2026-03-02T03:21:00+00:00,strong_long
analysis-assessment:gold:409777da84e84dd05c318002,2026-03-02T05:49:40+00:00,strong_long
analysis-assessment:gold:e7a9b812beb64a19a939142c,2026-03-02T06:59:02.478000+00:00,strong_long
analysis-assessment:gold:fdaf97f1f3829cbb63b34acd,2026-03-02T15:41:03+00:00,strong_long
analysis-assessment:gold:8c2b76f9abda1dbba20d3207,2026-03-02T15:59:59+00:00,strong_long
analysis-assessment:gold:f4d55784e48946f3dc2b65bf,2026-03-02T18:08:38.633000+00:00,strong_long
analysis-assessment:gold:9e4e5bf5579b3b8dcf302a2c,2026-03-02T19:47:14+00:00,strong_long
analysis-assessment:gold:35518df33fec85361327b73b,2026-03-02T23:59:59+00:00,strong_long
